Muskel (lateinisch);Deutsch;Region;Subregion;Gelenke;Gelenkgruppen;Ursprung;Ansatz;Funktion (Text);Funktionen (Filter);Innervation;Segmente;Klinik;Palpation hinterlegt;Funktionelle Gruppen;Schwierigkeit;Bilder;Eigene Karte;Kartenschlüssel;Detailseite (id)
M. abductor digiti minimi;;Obere Extremität;Hand & Finger;MCP;Hand;Os pisiforme;Basis der Grundphalanx des V. Fingers, ulnares Sesambein;"Abduktion des kleinen Fingers; unterstützt die MCP-Extension";Ulnarabduktion · Extension;N. ulnaris;C8, Th1;Ulnarisparese;nein;;2;1;ja;M. abductor digiti minimi#manus;abductor-digiti-minimi-upper-hand-ulnarabduktion
M. abductor digiti minimi;;Untere Extremität;Fuß & Sprunggelenk;MTP Zeh V;Sprunggelenk & Fuß;Tuber calcanei (Proc. lateralis) und Lig. plantare longum;Zeh V, Tuberositas ossis metatarsalis V und proximale Phalanx (laterale Seite);"Abduziert und beugt die Kleinzehe im MTP-Gelenk; stabilisiert den lateralen Fußrand";Zeh V: Flexion und Abduktion des MTP-Gelenks;N. tibialis (N. plantaris lateralis);;Bursitis am Tuber calcanei lateral und der sog. Tailor's bunion (Prominenz des fünften Mittelfußköpfchens) gehen häufig mit Reizung des Abductor digiti minimi einher;nein;;1;1;ja;M. abductor digiti minimi;abductor-digiti-minimi-lower-fuss-zeh-v-flexion-und-abduktion-des-mtp-gelenks
M. abductor hallucis;;Untere Extremität;Fuß & Sprunggelenk;MTP Zeh I;Sprunggelenk & Fuß;Proc. medialis des Tuber calcanei, Retinaculum flexorum und Aponeurosis plantaris;Basis der proximalen Phalanx des I. Zehs und mediales Sesambein;"Abduziert die Großzehe vom zweiten Strahl weg; beugt sie im MTP-Gelenk; unterstützt das mediale Längsgewölbe";Zeh I: Flexion und Abduktion (vom II. Strahl weg) des MTP-Gelenks;N. tibialis (N. plantaris medialis);;"Beim Hallux valgus ist die Abduktorkraft stark geschwächt; bei Plantarfasziitis ist der Ursprung am Kalkaneus mitbetroffen";nein;;1;1;ja;M. abductor hallucis;abductor-hallucis
M. abductor pollicis brevis;;Obere Extremität;Hand & Finger;Daumensattelgelenk · MCP;Hand;Tuberculum ossis scaphoidei und Retinaculum flexorum;Basis der Grundphalanx des Daumens, radiales Sesambein;Führt den Daumen ab und unterstützt Oppositions- sowie Beugebewegungen;CMC-Flexion · Abduktion · Opposition;N. medianus;C6, C7;Medianusparese – Daumenballenatrophie;nein;Daumenballen (Thenar);2;1;ja;M. abductor pollicis brevis;abductor-pollicis-brevis
M. abductor pollicis longus;;Obere Extremität;Hand & Finger;Art. manus · Daumensattelgelenk;Hand;Facies posterior von Ulna und Radius und Membrana interossea;Basis der radialen Seite des Os metacarpale I;"Abduktion und Extension des Daumens im Sattelgelenk; unterstützt die Radialabduktion";Radialabduktion · CMC-Extension · CMC-Abduktion;N. radialis;C6, C7, C8;Tendovaginitis de Quervain;nein;;2;1;ja;M. abductor pollicis longus;abductor-pollicis-longus
M. adductor brevis;;Untere Extremität;Hüfte;Art. coxae;Hüftgelenk;Os pubis, Ramus inferior;Linea pectinea (distal) und Linea aspera (proximal);"Führt den Oberschenkel zur Körpermitte (Adduktion); unterstützt zugleich die Hüftbeugung und eine leichte Außenrotation";Adduktion · Flexion · Außenrotation;N. obturatorius;L2, L3, L4;"Häufig zusammen mit anderen Adduktoren bei Zerrungen beteiligt; relativ kurzer Hebelarm und schmale Muskelmasse";nein;Adduktorengruppe der Hüfte;2;1;ja;M. adductor brevis;adductor-brevis
M. adductor hallucis;;Untere Extremität;Fuß & Sprunggelenk;MTP Zeh I;Sprunggelenk & Fuß;"Caput obliquum: Os metatarsale II–V (Basis); Os cuboideum, Os cuneiforme III und Lig. plantare longum; Caput transversum: Kapsel der Art. MTP II–V und Lig. metatarseum transversum profundum";Basis der proximalen Phalanx des I. Zehs und laterales Sesambein;"Adduziert die Großzehe zum zweiten Strahl; beugt das MTP-Gelenk; verspannt das Quergewölbe (Caput transversum)";Zeh I: Flexion und Adduktion (zum II. Strahl hin) des MTP-Gelenks;N. tibialis (N. plantaris lateralis);;"Beim Hallux valgus gilt überaktive Adduktorenaktivität als mitverursachend für die mediale Deviation des ersten Strahls; enges Schuhwerk begünstigt dies";nein;;3;1;ja;M. adductor hallucis;adductor-hallucis
M. adductor longus;;Untere Extremität;Hüfte;Art. coxae;Hüftgelenk;Os pubis, Ramus superior und inferior;Linea aspera des Femur (Mitte);"Führt den Oberschenkel zur Körpermitte (Adduktion); unterstützt zugleich die Hüftbeugung und eine leichte Außenrotation";Flexion · Adduktion · Außenrotation;N. obturatorius;L2, L3, L4;"Häufig zusammen mit anderen Adduktoren bei Zerrungen beteiligt; relativ kurzer Hebelarm und schmale Muskelmasse";nein;Adduktorengruppe der Hüfte;1;1;ja;M. adductor longus;adductor-longus
M. adductor magnus;;Untere Extremität;Hüfte;Art. coxae;Hüftgelenk;"Pars superior: Os pubis, Ramus inferior und Ramus ossis ischii; Pars media: Ramus ossis ischii; Pars inferior: Tuber ischiadicum";"Linea aspera (proximal); Linea aspera (distal); Tuberculum adductorium";"Kräftiger Adduktor des Hüftgelenks; streckt die Hüfte (insbesondere der ischiokrurale Anteil); der pubische Anteil rotiert nach außen, der ischiokrurale Anteil nach innen";Adduktion · Extension · Außenrotation · Innenrotation;N. obturatorius, N. tibialis;L2, L3, L4, L5, S1;"Der Hiatus adductorius in diesem Muskel ist klinisch bedeutsam, da A. und V. femoralis hindurchtreten; Adduktorenzerrungen betreffen häufig die ischiale Ursprungspartie";nein;Adduktorengruppe der Hüfte;2;1;ja;M. adductor magnus;adductor-magnus
M. adductor pollicis;;Obere Extremität;Hand & Finger;Daumensattelgelenk · MCP;Hand;"Caput obliquum: Os trapezoideum, Os capitatum, Basis Os metacarpale II, Ligg. metacarpalia palmaria; Caput transversum: Palmare Seite des Os metacarpale III";Basis der Grundphalanx des Daumens, ulnares Sesambein;"Adduktion des Daumens; unterstützt Reposition und Flexion im Sattelgelenk";CMC-Flexion · Adduktion · Reposition;N. ulnaris;C8, Th1;Froment-Zeichen bei Ulnarisparese;nein;Daumenballen (Thenar);2;2;ja;M. adductor pollicis;adductor-pollicis
M. anconeus;;Obere Extremität;Ellenbogen;Art. cubiti;Ellenbogen;Epicondylus lateralis humeri und Lig. collaterale radiale;Proximaler Bereich der Facies posterior ulnae;Unterstützt die Ellenbogenextension und stabilisiert das Gelenk;Extension;N. radialis;C6, C7, C8;Unterstützt Ellenbogenextension;nein;;2;1;ja;M. anconeus;anconeus
M. articularis genus;;Untere Extremität;Knie;Art. genus;Kniegelenk;Corpus femoris (ventral);Kniegelenkkapsel (Recessus suprapatellaris);Spannt die Kniegelenkkapsel im Recessus suprapatellaris (verhindert Einklemmen bei Kniestreckung);Kapselspannung;N. femoralis;L3, L4;"Verhindert das Einklemmen des Recessus suprapatellaris bei aktiver Kniestreckung; klinisch kaum isoliert untersuchbar, aber bei rezidivierenden Kniebeschwerden relevant";nein;;3;0;ja;M. articularis genus;articularis-genus
M. biceps brachii;;Obere Extremität;Ellenbogen;Art. cubiti · Art. humeri;Schultergelenk · Ellenbogen;"Caput longum: Tuberculum supraglenoidale scapulae und Labrum glenoidale; Caput breve: Proc. coracoideus scapulae";"Tuberositas radii; Lacertus fibrosus / Fascia antebrachii";Schulter: Flexion, teils Abduktion oder Adduktion je nach Kopf. Ellenbogen: Flexion und Supination;Flexion · Supination;N. musculocutaneus;C5, C6, C7;Bizepssehnenruptur, LBS-Tendinitis;nein;;1;3;ja;M. biceps brachii;biceps-brachii
M. biceps femoris – Caput breve;;Untere Extremität;Knie;Art. genus;Kniegelenk;Linea aspera des Femur (mittlerer Teil);Caput fibulae;"Beugt das Knie (Flexion in der Art. genus); dreht den Unterschenkel bei gebeugtem Knie nach außen (Außenrotation)";Knieflexion · Knie-Außenrotation;N. peroneus communis;L5, S1, S2;"Klinisch selten isoliert betrachtet; gehört der ischiokruralen Gruppe an; bei N.-peroneus-communis-Läsion kann die Außenrotationsfähigkeit des Kniegelenks eingeschränkt sein";nein;Ischiocrurale Gruppe;2;1;ja;M. biceps femoris – Caput breve;biceps-femoris-caput-breve
M. biceps femoris – Caput longum;;Untere Extremität;Knie;Art. coxae · Art. genus;Hüftgelenk · Kniegelenk;Tuber ischiadicum;"Caput fibulae; Condylus lateralis tibiae";"Streckt die Hüfte (Extension in der Art. coxae) und beugt das Knie (Flexion in der Art. genus); bei gebeugtem Knie Außenrotation des Unterschenkels";Hüftextension · Knieflexion · Knie-Außenrotation;N. tibialis;L5, S1, S2;"Ischiokrurale Zerrungen betreffen besonders die Ursprungsregion am Tuber ischiadicum; das Hamstring-Syndrom bezeichnet chronische Beschwerden durch narbige Veränderungen der Ischiokruralen";nein;Ischiocrurale Gruppe;1;1;ja;M. biceps femoris – Caput longum;biceps-femoris-caput-longum
M. brachialis;;Obere Extremität;Ellenbogen;Art. cubiti;Ellenbogen;Ventrale Seite des Humerus, distale Hälfte;Tuberositas ulnae, Gelenkkapsel des Ellenbogens;Stärkster Flexor im Ellenbogengelenk;Flexion;N. musculocutaneus;C5, C6, C7;Stärkster Ellenbogenbeuger;nein;;1;3;ja;M. brachialis;brachialis
M. brachioradialis;;Obere Extremität;Ellenbogen;Art. cubiti;Ellenbogen;Margo lateralis humeri;Radiale Fläche des Proc. styloideus radii;"Ellenbogenflexion; führt den Unterarm in Mittelstellung";Flexion · Pronation · Supination;N. radialis;C5, C6, C7;Radialisparese;nein;;1;2;ja;M. brachioradialis;brachioradialis
M. coccygeus;;Wirbelsäule & Rumpf;Beckenboden;Becken;Bauchwand & Beckenboden;Spina ischiadica;Lateraler Rand des Os sacrum und Os coccygis (oberer Teil);"Der M. coccygeus hebt den Beckenboden an und zieht das Os coccygis nach ventral; damit sichert er die Lage der Beckeneingeweide und trägt zur Erhöhung des intraabdominalen Drucks bei, etwa beim Husten, Pressen oder Niesen.";Stützt Beckeneingeweide;Plexus sacralis;S4, S5;Beckenbodenschwäche, Inkontinenz;nein;Beckenboden;3;0;ja;M. coccygeus;coccygeus
M. coracobrachialis;;Obere Extremität;Schultergürtel;Art. humeri;Schultergelenk;Proc. coracoideus der Scapula;Margo medialis humeri;Flexion und Adduktion im Schultergelenk;Flexion · Adduktion;N. musculocutaneus;C6, C7;N. musculocutaneus-Lähmung;nein;;1;2;ja;M. coracobrachialis;coracobrachialis
M. corrugator supercilii;;Kopf & Hals;Mimikmuskulatur;Stirn · Augenbraue;Mimik & Kopfmuskulatur;Medial unter der Augenbraue (Os frontale, Glabellabereich);Haut der medialen Augenbraue;"Der M. corrugator supercilii zieht die Augenbraue nach medial und inferior und erzeugt senkrechte Falten an der Glabella (Zornesfalte); er drückt Anspannung und Missbilligung aus und antagonisiert den M. frontalis.";Zieht Augenbraue medial und inferior · erzeugt vertikale Glabellafalten (Zornesfalte);N. facialis (VII);;"Zentrales Zielorgan bei Botulinum-Toxin-Behandlung von Zornesfalten (Glabellafalten); Überaktivität → tiefe vertikale Furchen.";nein;Mimische Muskulatur;2;0;ja;M. corrugator supercilii;corrugator-supercilii
M. deltoideus;;Obere Extremität;Schultergürtel;Art. humeri;Schultergelenk;"Pars clavicularis: Extremitas acromialis der Clavicula; Pars acromialis: Akromion; Pars spinalis: Spina scapulae";Tuberositas deltoidea humeri;"Vor allem Abduktion; je nach Faserzug zusätzlich Flexion, Extension sowie Innen- oder Außenrotation";Abduktion · Flexion · Extension · Innenrotation · Außenrotation;N. axillaris;C5, C6;N. axillaris-Lähmung, Schulterluxation;nein;;1;3;ja;M. deltoideus;deltoideus
M. digastricus;;Kopf & Hals;Suprahyoidale Muskeln;Kiefergelenk · Zungenbein;Mimik & Kopfmuskulatur · Zungenbein & Kehlkopf;"Venter anterior: Fossa digastrica (Innenseite der Mandibula); Venter posterior: Incisura mastoidea (Os temporale)";Corpus ossis hyoidei (über Zwischensehne);"Der M. digastricus wirkt mit seinen zwei Bäuchen in entgegengesetzten Situationen: Bei fixiertem Zungenbein öffnet er den Mund; bei fixierter Mandibula hebt er das Zungenbein an, was für den oralen und pharyngealen Schluckakt unerlässlich ist.";Zungenbeinanhebung · Mundöffnung;N. mylohyoideus (Vorderbauch, V3) / N. facialis (Hinterbauch, VII);;"Der M. digastricus ist logopädisch relevant bei Schluckstörungen; Lähmungen oder Verspannungen beeinträchtigen die Zungenbeinanhebung und damit die laryngeale Elevation beim Schlucken.";nein;Suprahyoidale Muskeln;1;0;ja;M. digastricus;digastricus
M. extensor carpi radialis brevis;;Obere Extremität;Hand & Finger;Art. cubiti · Art. manus;Ellenbogen · Hand;Epicondylus lateralis humeri, Lig. collaterale radiale, Lig. anulare radii;Basis Os metacarpale III;Dorsalextension und Radialabduktion im Handgelenk;Dorsalextension · Radialabduktion;N. radialis;C6, C7;Epicondylitis lateralis (Tennisellenbogen);nein;;2;1;ja;M. extensor carpi radialis brevis;extensor-carpi-radialis-brevis
M. extensor carpi radialis longus;;Obere Extremität;Hand & Finger;Art. cubiti · Art. manus;Ellenbogen · Hand;Margo lateralis humeri;Basis Os metacarpale II;Dorsalextension und Radialabduktion im Handgelenk;Dorsalextension · Radialabduktion;N. radialis;C6, C7;Epicondylitis lateralis (Tennisellenbogen);nein;;2;2;ja;M. extensor carpi radialis longus;extensor-carpi-radialis-longus
M. extensor carpi ulnaris;;Obere Extremität;Hand & Finger;Art. cubiti · Art. manus;Ellenbogen · Hand;Epicondylus lateralis humeri, Lig. collaterale radiale, Margo posterior ulnae;Basis Os metacarpale V;Dorsalextension und Ulnarabduktion im Handgelenk;Ulnarabduktion;N. radialis;C6, C7, C8;Epicondylitis lateralis;nein;;1;1;ja;M. extensor carpi ulnaris;extensor-carpi-ulnaris
M. extensor digiti minimi;;Obere Extremität;Hand & Finger;Art. manus · MCP · PIP · DIP;Hand;Epicondylus lateralis humeri;Dorsalaponeurose des kleinen Fingers;"Streckt den kleinen Finger; unterstützt die Dorsalextension im Handgelenk";Dorsalextension · Extension des V. Fingers;N. radialis;C6, C7, C8;Eigenständige Extension des Kleinfingers;nein;;2;1;ja;M. extensor digiti minimi;extensor-digiti-minimi
M. extensor digitorum;;Obere Extremität;Hand & Finger;Art. cubiti · Art. manus · MCP · PIP · DIP;Ellenbogen · Hand;Epicondylus lateralis humeri, Lig. collaterale radiale, Lig. anulare radii;Dorsalaponeurosen des II.–V. Fingers, Basen der Grundphalangen II–V;"Dorsalextension im Handgelenk; Streckung der Finger II-V";Dorsalextension · MCP-Extension · IP-Extension;N. radialis;C6, C7, C8;Strecksehnenruptur, Epicondylitis lateralis;nein;;1;1;ja;M. extensor digitorum;extensor-digitorum
M. extensor digitorum brevis;;Untere Extremität;Fuß & Sprunggelenk;MTP und IP Zehen II–IV;Sprunggelenk & Fuß;Kalkaneus (dorsolateral) und Retinaculum extensorum inferius;Zeh II–IV, Dorsalaponeurosen;"Streckt die Zehen II–IV in MTP- und IP-Gelenken; unterstützt den langen Zehenstrecker bei der Fußhebung";Zeh II–IV: Extension und Lateralabduktion der MTP- und IP-Gelenke;N. peroneus profundus;;Eine deutliche Schwellung am Fußrücken kann fälschlicherweise für ein Ganglion gehalten werden, wenn der Muskelbauch des EDB besonders ausgeprägt ist;nein;;2;0;ja;M. extensor digitorum brevis;extensor-digitorum-brevis
M. extensor digitorum longus;;Untere Extremität;Fuß & Sprunggelenk;Art. talocruralis · Art. subtalaris · MTP und IP Zehen II–V;Sprunggelenk & Fuß;Condylus lateralis tibiae, Facies medialis fibulae und Membrana interossea;"Dorsalaponeurose der Zehen II–V; Os metatarsale V (dorsal)";"Dorsalextendiert den Fuß und proniert; streckt die Zehen II–V in den MTP- und IP-Gelenken; unterstützt das Anheben der Zehenspitzen beim Gehen";"Fuß: Dorsalextension · Pronation; Zehen II–V: Extension der MTP- und IP-Gelenke";N. peroneus profundus;;"Bei N.-peroneus-profundus-Parese fällt die Zehenstreckung gemeinsam mit der Fußhebung aus; vorderes Kompartmentsyndrom betrifft diesen Muskel ebenfalls";nein;;1;1;ja;M. extensor digitorum longus;extensor-digitorum-longus
M. extensor hallucis brevis;;Untere Extremität;Fuß & Sprunggelenk;MTP Zeh I;Sprunggelenk & Fuß;Dorsalfläche des Kalkaneus (zusammen mit M. extensor digitorum brevis);Zeh I, proximale Phalanx;Streckt die Großzehe im Grundgelenk und unterstützt die lange Strecksehne;Zeh I: Extension des MTP-Gelenks;N. peroneus profundus;;"Teil der EDB-Gruppe; kann bei pathologischer Fußrückenschwellung klinisch prominent werden; sein Muskelbauch ist manchmal vergrößert und mit einem Tumor verwechselt worden";nein;;2;1;ja;M. extensor hallucis brevis;extensor-hallucis-brevis
M. extensor hallucis longus;;Untere Extremität;Fuß & Sprunggelenk;Art. talocruralis · MTP und IP Zeh I;Sprunggelenk & Fuß;Facies medialis fibulae (Mitte) und Membrana interossea;Zeh I, dorsale distale Phalanx (Basis);"Dorsalextendiert den Fuß; streckt die Großzehe in MTP- und IP-Gelenk; hebt das mediale Gewölbe bei der Fußhebung";"Fuß: Dorsalextension; Zeh I: Extension des MTP- und IP-Gelenks";N. peroneus profundus;;"Hallux-extensus-Deformität (Hyperextension Zehe I) kann nach N.-peroneus-profundus-Parese entstehen; Kompartmentsyndrom vordere Loge betrifft auch EHL";nein;;2;1;ja;M. extensor hallucis longus;extensor-hallucis-longus
M. extensor indicis;;Obere Extremität;Hand & Finger;Art. manus · MCP · PIP · DIP;Hand;Distaler Teil der Facies posterior ulnae und Membrana interossea;Dorsalaponeurose des Zeigefingers;"Streckt den Zeigefinger; unterstützt die Dorsalextension im Handgelenk";Dorsalextension · Extension des Zeigefingers;N. radialis;C6, C7, C8;Eigenständige Extension des Zeigefingers;nein;;2;1;ja;M. extensor indicis;extensor-indicis
M. extensor pollicis brevis;;Obere Extremität;Hand & Finger;Art. manus · Daumensattelgelenk · MCP;Hand;Facies posterior des Radius und Membrana interossea;Basis der Grundphalanx des Daumens;"Streckt den Daumen vor allem im Grundgelenk; unterstützt die Extension im Sattelgelenk";CMC-Extension · MCP-Extension;N. radialis;C6, C7, C8;Tendovaginitis de Quervain;nein;;2;1;ja;M. extensor pollicis brevis;extensor-pollicis-brevis
M. extensor pollicis longus;;Obere Extremität;Hand & Finger;Art. manus · Daumensattelgelenk · MCP · IP;Hand;Facies posterior ulnae und Membrana interossea;Basis der Endphalanx des Daumens;"Streckt den Daumen bis ins Endgelenk; unterstützt die Dorsalextension im Handgelenk";Dorsalextension · CMC-Extension · MCP-Extension · IP-Extension;N. radialis;C6, C7, C8;Ruptur nach distaler Radiusfraktur;nein;;2;1;ja;M. extensor pollicis longus;extensor-pollicis-longus
M. fibularis brevis (M. peroneus brevis);;Untere Extremität;Fuß & Sprunggelenk;Art. talocruralis · Art. subtalaris;Sprunggelenk & Fuß;Facies lateralis fibulae (distal);Os metatarsale V (Tuberositas);"Plantarflektiert und proniert den Fuß; wichtig für die seitliche Fußstabilisierung";Fuß: Plantarflexion · Pronation;N. peroneus superficialis;;"Avulsionsfraktur an der Tuberositas ossis metatarsalis V entsteht typischerweise bei Supinationstrauma durch Zug der Peroneus-brevis-Sehne; Peronealsehnenruptur ebenfalls möglich";nein;;1;2;ja;M. fibularis brevis (M. peroneus brevis);fibularis-brevis-m-peroneus-brevis
M. fibularis longus (M. peroneus longus);;Untere Extremität;Fuß & Sprunggelenk;Art. talocruralis · Art. subtalaris;Sprunggelenk & Fuß;Condylus lateralis tibiae, Caput fibulae und Facies lateralis fibulae (proximal);Os cuneiforme I und Os metatarsale I (Tuberositas, plantar);"Plantarflektiert und proniert den Fuß; verspannt das Quergewölbe durch seinen diagonalen Verlauf auf der Fußsohle";Fuß: Plantarflexion · Pronation;N. peroneus superficialis;;"Peronealsehnenruptur und -luxation entstehen oft durch Supinationstrauma; am lateralen Fuß kann die Sehne hinter dem Außenknöchel aus ihrem Kanal springen (Luxation)";nein;;1;2;ja;M. fibularis longus (M. peroneus longus);fibularis-longus-m-peroneus-longus
M. flexor carpi radialis;;Obere Extremität;Hand & Finger;Art. cubiti · Art. manus;Ellenbogen · Hand;Epicondylus medialis humeri;Basis Os metacarpale II (manchmal auch III);Palmarflexion und Radialabduktion im Handgelenk;Palmarflexion · Radialabduktion · Pronation;N. medianus;C6, C7, C8;Karpaltunnelsyndrom, Epicondylitis medialis;nein;;1;2;ja;M. flexor carpi radialis;flexor-carpi-radialis
M. flexor carpi ulnaris;;Obere Extremität;Hand & Finger;Art. cubiti · Art. manus;Ellenbogen · Hand;Epicondylus medialis humeri, medialer Olekranon und Margo posterior ulnae;Os pisiforme, Hamulus ossis hamati, Basis Os metacarpale V;Palmarflexion und Ulnarabduktion im Handgelenk;Palmarflexion · Ulnarabduktion;N. ulnaris;C7, C8, Th1;Ulnarisrinnensyndrom;nein;;1;1;ja;M. flexor carpi ulnaris;flexor-carpi-ulnaris
M. flexor digiti minimi brevis;;Obere Extremität;Hand & Finger;MCP;Hand;Hamulus ossis hamati und Retinaculum flexorum;Basis der Grundphalanx des V. Fingers, ulnares Sesambein;Flexion im MCP-Gelenk des kleinen Fingers;MCP-Flexion · Abduktion;N. ulnaris;C8, Th1;Ulnarisparese;nein;;2;1;ja;M. flexor digiti minimi brevis#manus;flexor-digiti-minimi-brevis-upper-hand-mcp-flexion
M. flexor digiti minimi brevis;;Untere Extremität;Fuß & Sprunggelenk;MTP Zeh V;Sprunggelenk & Fuß;Os metatarsale V (Basis) und Lig. plantare longum;Zeh V, Basis der proximalen Phalanx (plantar);"Beugt die Kleinzehe im MTP-Gelenk V; unterstützt die Stabilisierung des lateralen Fußrandes";Zeh V: Flexion des MTP-Gelenks;N. tibialis (N. plantaris lateralis);;"Bei Kleinzehenschmerzen und Spreizfuß kann dieser Muskel durch Druck des Schuhwerks gereizt sein; selten isoliert klinisch beurteilbar";nein;;2;1;ja;M. flexor digiti minimi brevis;flexor-digiti-minimi-brevis-lower-fuss-zeh-v-flexion-des-mtp-gelenks
M. flexor digitorum brevis;;Untere Extremität;Fuß & Sprunggelenk;MTP und proximale IP Zehen II–V;Sprunggelenk & Fuß;Kalkaneus (Proc. medialis am Tuber) und Aponeurosis plantaris;Zehen II–V, plantare mittlere Phalangen;"Beugt die Zehen II–V in MTP- und proximalen IP-Gelenken; unterstützt das Greifen und Abrollen des Fußes beim Gehen";Zeh II–V: Flexion der MTP- und proximalen IP-Gelenke;N. tibialis (N. plantaris medialis);;"Bei Plantarfasziitis ist der Ansatz am Kalkaneus (Proc. medialis) entzündet; Hammerzehen entstehen u.a. durch Imbalalanc zwischen FDB und den langen Zehenmuskeln";nein;;1;1;ja;M. flexor digitorum brevis;flexor-digitorum-brevis
M. flexor digitorum longus;;Untere Extremität;Fuß & Sprunggelenk;Art. talocruralis · Art. subtalaris · MTP und IP Zehen II–V;Sprunggelenk & Fuß;Facies posterior tibiae (Mitte);Zehen II–V, distale Phalanx (Basis);"Plantarflektiert den Fuß und supiniert; beugt die Zehen II–V in MTP-, PIP- und DIP-Gelenken; beim Gehen unterstützt er das Abstoßen und das Greifen der Zehenspitzen";"Fuß: Plantarflexion · Supination; Zehen II–V: Flexion der MTP- und IP-Gelenke";N. tibialis;;"Tarsaltunnelsyndrom kann Druck auf die FDL-Sehne ausüben; chronische Überlastung führt zu Krallenzehen durch Dauerkontraktur der tiefen Zehenbeuger";nein;;2;2;ja;M. flexor digitorum longus;flexor-digitorum-longus
M. flexor digitorum profundus;;Obere Extremität;Hand & Finger;Art. manus · MCP · PIP · DIP;Hand;Facies anterior und medialis ulnae und Membrana interossea;Basis der distalen Fingerphalangen II–V;"Palmarflexion im Handgelenk; Flexion der Finger II-V bis in die Endgelenke";Palmarflexion · MCP-Flexion · PIP-Flexion · DIP-Flexion;N. medianus (II, III), N. ulnaris (IV, V);C7, C8, Th1;DIP-Flexion nur durch FDP möglich, Jerseyfingerruptur;nein;;2;1;ja;M. flexor digitorum profundus;flexor-digitorum-profundus
M. flexor digitorum superficialis;;Obere Extremität;Hand & Finger;Art. cubiti · Art. manus · MCP · PIP;Ellenbogen · Hand;Epicondylus medialis humeri, Facies medialis ulnae, proximaler Margo anterior radii;Mittelphalangen des II.–V. Fingers;"Palmarflexion im Handgelenk; Flexion in MCP- und PIP-Gelenken der Finger II-V";Palmarflexion · MCP-Flexion · PIP-Flexion;N. medianus;C7, C8, Th1;Karpaltunnelsyndrom, Schnappfinger;nein;;2;1;ja;M. flexor digitorum superficialis;flexor-digitorum-superficialis
M. flexor hallucis brevis;;Untere Extremität;Fuß & Sprunggelenk;MTP Zeh I;Sprunggelenk & Fuß;Ossa cuneiformia II et III und Os cuboideum;"Mediale und laterale Basis der proximalen Phalanx des I. Zehs; Mediales und laterales Sesambein";"Beugt die Großzehe im MTP-Gelenk; unterstützt Abduktion und Adduktion; hält die Sesambeine in ihrer Gleitrinne unter dem ersten Metatarsalkopf";Zeh I: Flexion · Abduktion und Adduktion des MTP-Gelenks;N. tibialis (N. plantaris medialis und lateralis);;"Bei Hallux valgus entgleist das Sesambein aus seiner Führungsrinne; Sesambeinf rakturen entstehen durch direkte Belastung oder Ermüdung";nein;;2;1;ja;M. flexor hallucis brevis;flexor-hallucis-brevis
M. flexor hallucis longus;;Untere Extremität;Fuß & Sprunggelenk;Art. talocruralis · Art. subtalaris · MTP und IP Zeh I;Sprunggelenk & Fuß;Facies posterior fibulae (distal);Zeh I, plantare distale Phalanx (Basis);"Plantarflektiert den Fuß und supiniert; beugt die Großzehe in MTP- und IP-Gelenk; wichtig beim Abstoßen in der Gangabwicklung";"Fuß: Plantarflexion · Supination; Zeh I: Flexion des MTP- und IP-Gelenks";N. tibialis;;"Hallux-flexus-Deformität durch Verkürzung; Tarsaltunnelsyndrom kann FHL-Sehne betreffen; bei Ballett-Tänzerinnen typische Überlastungstendinitis hinter dem Innenknöchel";nein;;2;2;ja;M. flexor hallucis longus;flexor-hallucis-longus
M. flexor pollicis brevis;;Obere Extremität;Hand & Finger;Daumensattelgelenk · MCP;Hand;"Caput superficiale: Tuberculum ossis trapezii und Retinaculum flexorum; Caput profundum: Os trapezoideum, Os capitatum, Ligg. metacarpalia palmaria";Basis der Daumengrundphalanx, radiales Sesambein;Beugt den Daumen und hilft bei Gegenüberstellung und Heranführung;CMC-Flexion · Adduktion · Opposition · MCP-Flexion;N. medianus, N. ulnaris;C8, Th1;Medianusparese (Caput superficiale), Ulnarisparese (Caput profundum);nein;Daumenballen (Thenar);2;2;ja;M. flexor pollicis brevis;flexor-pollicis-brevis
M. flexor pollicis longus;;Obere Extremität;Hand & Finger;Art. manus · Daumensattelgelenk · MCP · IP;Hand;Epicondylus medialis humeri, ventrale Seite des Radius und Membrana interossea;Basis der Endphalanx des Daumens;"Beugt den Daumen; unterstützt die Palmarflexion im Handgelenk";Palmarflexion · Daumenflexion;N. medianus;C6, C7, C8;Karpaltunnelsyndrom;nein;;2;1;ja;M. flexor pollicis longus;flexor-pollicis-longus
M. gastrocnemius;;Untere Extremität;Fuß & Sprunggelenk;Art. genus · Art. talocruralis;Kniegelenk · Sprunggelenk & Fuß;"Caput mediale: Femur, Facies poplitea, Condylus medialis; Caput laterale: Femur, Facies poplitea, Condylus lateralis";Tuber calcanei (über Achillessehne);"Beugt das Knie und plantarflektiert den Fuß; unterstützt die Supination; sorgt als zweigelenkiger Muskel für die Kraftentfaltung beim Zehenstand und Abstoßen";"Knie: Flexion; Fuß: Plantarflexion · Supination";N. tibialis;;"Wadenkrämpfe entstehen häufig durch Erschöpfung oder Elektrolytmangel; Achillessehnenrupturen treffen oft den Übergang zwischen Muskel und Sehne; als Suralispumpe fördert er venoses Blut herzwärts";nein;Oberflächliche Wadenmuskulatur;1;2;ja;M. gastrocnemius;gastrocnemius
M. gemellus inferior;;Untere Extremität;Hüfte;Art. coxae;Hüftgelenk;Tuber ischiadicum;Fossa trochanterica des Femur;Unterstützt die Außenrotation im Hüftgelenk;Außenrotation;Plexus sacralis;L5, S1;"Tiefe Außenrotatorengruppe; bei Reizung oder Verspannung kann Druckdolenz am Tuber ischiadicum auf diesen Muskel hindeuten";nein;;3;2;ja;M. gemellus inferior;gemellus-inferior
M. gemellus superior;;Untere Extremität;Hüfte;Art. coxae;Hüftgelenk;Spina ischiadica;Fossa trochanterica des Femur;Unterstützt die Außenrotation im Hüftgelenk;Außenrotation;Plexus sacralis;L5, S1;"Ebenfalls Teil der tiefen Außenrotatorengruppe; klinisch kaum isoliert testbar, wird funktionell immer mit dem M. obturatorius internus bewertet";nein;;3;2;ja;M. gemellus superior;gemellus-superior
M. geniohyoideus;;Kopf & Hals;Suprahyoidale Muskeln;Zungenbein;Zungenbein & Kehlkopf;Spina mentalis (Innenseite des Corpus mandibulae);Corpus ossis hyoidei;"Der M. geniohyoideus zieht das Zungenbein kräftig nach ventral und kranial; damit hebt er den Kehlkopf beim Schlucken an und verkürzt den Abstand zwischen Kinn und Zungenbein. Bei festem Zungenbein wirkt er als Mundöffner.";Zungenbeinanhebung und -vorverlagerung · Mundöffnung;N. hypoglossus (XII) mit Fasern aus C1;C1;"Der M. geniohyoideus ist beim Schluckakt unverzichtbar; er zieht das Zungenbein nach vorn und oben und ermöglicht so die laryngeale Elevation. Schwäche führt zu pharyngealer Dysphagie.";nein;Suprahyoidale Muskeln;2;0;ja;M. geniohyoideus;geniohyoideus
M. gluteus maximus;;Untere Extremität;Hüfte;Art. coxae;Hüftgelenk;"Tiefer Teil: Ala ossis ilii (Facies glutealis), Lig. sacrotuberale; Oberflächlicher Teil: Fascia thoracolumbalis, Crista iliaca, SIPS, dorsale Fläche des Sacrums, Os coccygis";"Tractus iliotibialis; Tuberositas glutealis femoris";"Hauptextensor des Hüftgelenks; dreht den Oberschenkel nach außen; die lateralen Anteile wirken zusätzlich als Abduktoren und spannen den Tractus iliotibialis";Extension · Außenrotation · Abduktion;N. gluteus inferior;L5, S1, S2;"Insuffizienz führt zu positivem Trendelenburg-Zeichen; spielt eine wichtige Rolle beim Treppensteigen, Aufstehen und beim Hingleiten ins Hohlkreuz";nein;;1;2;ja;M. gluteus maximus;gluteus-maximus
M. gluteus medius;;Untere Extremität;Hüfte;Art. coxae;Hüftgelenk;Ala ossis ilii, Facies glutealis;Trochanter major (lateral);"Führt das Bein seitwärts (Abduktion); vordere Fasern rotieren nach innen und beugen, hintere Fasern rotieren nach außen und strecken; essentiell für die Beckenstabilisierung im Einbeinstand";Abduktion · Flexion · Innenrotation · Extension · Außenrotation;N. gluteus superior;L4, L5, S1;"Insuffizienz führt zu positivem Trendelenburg-Zeichen mit Absinken des kontralateralen Beckens in der Standphase; häufige Ursache von Gangstörungen";nein;;1;3;ja;M. gluteus medius;gluteus-medius
M. gluteus minimus;;Untere Extremität;Hüfte;Art. coxae;Hüftgelenk;Ala ossis ilii, Facies glutealis;Spitze des Trochanter major;"Abduziert die Hüfte und unterstützt die Innenrotation (ventrale Fasern) bzw. Außenrotation (dorsale Fasern); Funktion nahezu identisch mit Gluteus medius";Abduktion · Flexion · Innenrotation · Extension · Außenrotation;N. gluteus superior;L4, L5, S1;"Funktionell eng mit dem Gluteus medius verwandt; bei Insuffizienz ebenfalls Trendelenburg-Zeichen möglich; wird selten isoliert getestet";nein;;2;3;ja;M. gluteus minimus;gluteus-minimus
M. gracilis;;Untere Extremität;Hüfte;Art. coxae · Art. genus;Hüftgelenk · Kniegelenk;Os pubis, Ramus inferior;Tibia, Facies medialis (Pes anserinus);"Adduziert das Bein im Hüftgelenk; im Kniegelenk wirkt er als Beuger und Innenrotator des Unterschenkels";Hüftadduktion · Knieflexion · Knie-Innenrotation;N. obturatorius;L2, L3;Pes-anserinus-Syndrom, Sehnentransplantat (Kreuzbandplastik);nein;Adduktorengruppe der Hüfte;2;1;ja;M. gracilis;gracilis
M. iliacus;;Untere Extremität;Hüfte;Art. coxae;Hüftgelenk;Fossa iliaca des Ileums und Spina iliaca anterior inferior;Trochanter minor des Femur;"Flektiert das Hüftgelenk und rotiert den Oberschenkel nach außen; bei feststehendem Bein kippt er das Ilium nach ventral";Flexion · Adduktion · Außenrotation;Plexus lumbalis;L2, L3;"Bei prolongiertem Sitzen häufig verkürzt, was zu einer Hüftbeugekontraktur und Beckenkippung nach vorne führen kann; relevant bei Hüftgelenkserkrankungen";nein;;1;2;ja;M. iliacus;iliacus
M. infraspinatus;;Obere Extremität;Schultergürtel;Art. humeri;Schultergelenk;Fossa infraspinata der Scapula;Mittlerer Teil des Tuberculum majus, Gelenkkapsel;"Außenrotation; unterstützt die Abduktion bzw. Adduktion je nach Faseranteil";Außenrotation · Abduktion · Adduktion;N. suprascapularis;C4, C5, C6;Rotatorenmanschettenruptur;nein;Rotatorenmanschette;1;2;ja;M. infraspinatus;infraspinatus
M. latissimus dorsi;;Obere Extremität;Schultergürtel;Art. humeri;Schultergelenk;Procc. spinosi Th7–Th12, Fascia thoracolumbalis, Crista iliaca (hinterer Teil), 10.–12. Rippe;Crista tuberculi minoris humeri;"Extension, Adduktion und Innenrotation im Schultergelenk; zieht den Rumpf bei fixierten Armen heran";Extension · Adduktion · Innenrotation;N. thoracodorsalis;C6, C7, C8;Klimmzugmuskel, Verkürzung bei Rundrücken;nein;;1;1;ja;M. latissimus dorsi;latissimus-dorsi
M. levator ani;;Wirbelsäule & Rumpf;Beckenboden;Becken;Bauchwand & Beckenboden;"M. puborectalis: Corpus ossis pubis; M. pubococcygeus: Arcus tendineus m. levatoris ani; M. iliococcygeus: Spina ischiadica";"Os coccygis; Lig. anococcygeum";Der M. levator ani bildet die muskuläre Hauptplatte des Beckenbodens und übernimmt mehrere Aufgaben gleichzeitig: Er trägt die Beckenorgane, sichert Harn- und Stuhlkontinenz und hebt bei Kontraktion den Beckenboden an. Zudem verengt er Harnröhre und Rektum reflektorisch bei intraabdominaler Druckerhöhung.;Stützt Beckeneingeweide · Kontinenz;Plexus sacralis, N. pudendus;S3, S4;Beckenbodenschwäche, Inkontinenz, Deszensus;nein;Beckenboden;2;0;ja;M. levator ani;levator-ani
M. levator scapulae;;Obere Extremität;Schultergürtel;Schultergürtel;Schultergürtel;Procc. transversi C1–C4 (Tubercula posteriora);Angulus superior und oberer Teil der Margo medialis scapulae;"Elevation und Abwärtsrotation der Scapula; ipsilaterale HWS-Beugung und -Rotation";Elevation · Innenrotation;Plexus cervicalis, N. dorsalis scapulae;C4, C5;Häufige Verspannungen, Torticollis;nein;;1;3;ja;M. levator scapulae;levator-scapulae
M. longus capitis;;Kopf & Hals;Prävertebrale Muskeln;Kopfgelenke;Wirbelsäule;Procc. transversi C3–C6 (Tubercula anteriora);Pars basilaris ossis occipitalis;Der M. longus capitis beugt den Kopf nach vorn (Inklination) und stabilisiert die obere HWS. Er arbeitet synergistisch mit dem M. longus colli und bildet gemeinsam mit ihm die tiefe zervikale Flexorenschicht.;Flexion des Kopfes (Inklination);Rr. ventrales der Spinalnerven C1–C3;C1–C3;"Der M. longus capitis ist bei HWS-Dysfunktionen und nach Schleudertraumata häufig in seiner Funktion beeinträchtigt; Schwäche zeigt sich durch Verlust der tiefen Nackenstabilisation und Vorschub des Kopfes (Forward Head Posture).";nein;;2;0;ja;M. longus capitis;longus-capitis
M. longus colli;;Kopf & Hals;Prävertebrale Muskeln;Halswirbelsäule;Wirbelsäule;"Pars verticalis: Wirbelkörper C5–Th3; Pars obliqua superior: Procc. transversi C3–C5; Pars obliqua inferior: Wirbelkörper Th1–Th3";"Tuberculum anterius atlantis (Pars obliqua superior); Wirbelkörper C2–C4 (Pars verticalis); Procc. transversi C5–C6 (Pars obliqua inferior)";Der M. longus colli beugt die Halswirbelsäule nach ventral (Nickbewegung) und stabilisiert sie segmental. Er ist der wichtigste tiefe Flexor der HWS und trägt durch seine permanente Aktivität zur zervikalen Haltungsstabilisation bei.;Flexion der HWS · Lateralflexion · Rotation ipsilateral;Rr. ventrales der Spinalnerven C2–C6;C2–C6;"Der M. longus colli ist der wichtigste tiefe Stabilisator der Halswirbelsäule; seine Schwäche ist mit chronischem Nackenschmerz, HWS-Instabilität und nach Schleudertrauma mit Schwindel und Sehstörungen assoziiert.";nein;;2;0;ja;M. longus colli;longus-colli
M. masseter;;Kopf & Hals;Kaumuskulatur;Kiefergelenk;Mimik & Kopfmuskulatur;Arcus zygomaticus (unterer Rand und Innenfläche);Tuberositas masseterica (Außenfläche des Ramus mandibulae);Der M. masseter ist der kräftigste Kaumuskel: Er schließt den Mund und hebt den Unterkiefer an. Der oberflächliche Anteil ermöglicht zusätzlich eine Protrusion des Unterkiefers, der tiefe Anteil zieht ihn nach posterior.;Mundschluss (Adduktion des Unterkiefers) · Protrusion;N. massetericus (V3, N. trigeminus);;"Der M. masseter ist der häufigste Ort für Bruxismus-bedingte Muskelhypertrophie; bei Kiefergelenks-Dysfunktionen (CMD) ist er oft druckschmerzhaft und kann zu Kopf- und Ohrschmerzen führen.";nein;Kaumuskulatur;1;0;ja;M. masseter;masseter
M. mylohyoideus;;Kopf & Hals;Suprahyoidale Muskeln;Kiefergelenk · Zungenbein;Mimik & Kopfmuskulatur · Zungenbein & Kehlkopf;Linea mylohyoidea (Innenfläche des Corpus mandibulae);"Corpus ossis hyoidei; Raphe mylohyoidea";Der M. mylohyoideus hebt den Mundboden und das Zungenbein an – ein entscheidender Schritt beim Schlucken. Bei festem Zungenbein kann er zudem den Unterkiefer absenken und unterstützt so die Mundöffnung.;Mundbodenhebung · Zungenbeinanhebung · Mundöffnung;N. mylohyoideus (V3, N. trigeminus);;"Der M. mylohyoideus spielt eine zentrale Rolle beim Schluckakt; bei Läsionen des N. mylohyoideus nach Weisheitszahn-OPs oder Frakturen des Unterkiefers kann es zu Schluckstörungen und eingeschränkter Mundbodenhebung kommen.";nein;Suprahyoidale Muskeln;1;0;ja;M. mylohyoideus;mylohyoideus
M. nasalis;;Kopf & Hals;Mimikmuskulatur;Nase;Mimik & Kopfmuskulatur;Seitlich an der Nase (Maxilla, lateral des Nasenrückens);Nasenrücken / Nasenknorpelregion;"Pars transversa: Verengt die Nasenöffnung; zieht Nasenrücken nach unten und medial.";Verengt Nasenöffnung (Pars transversa);N. facialis (VII);;Bei vollständiger Fazialisparese ist die aktive Nasenbeweglichkeit eingeschränkt, was bei forcierter Nasenatmung auffällt.;nein;Mimische Muskulatur;3;0;nein;M. nasalis;nasalis-head-mimikmuskulatur-verengt-nasenoffnung-pars-transversa
M. nasalis;;Kopf & Hals;Mimikmuskulatur;Nase;Mimik & Kopfmuskulatur;An den Nasenflügeln (Ala nasi);Nasenflügel (Ala nasi);"Pars alaris: Erweitert die Nasenöffnung durch Aufspreizen der Nasenflügel; aktiv bei forcierter Inspiration.";Erweitert / bläht Nasenloch (Pars alaris);N. facialis (VII);;"Schwäche der Pars alaris → verminderte Nasenflügelerweiterung bei forciertem Einatmen; auffällig bei Fazialisparese.";nein;Mimische Muskulatur;3;0;ja;M. nasalis;nasalis-head-mimikmuskulatur-erweitert-blaht-nasenloch-pars-alaris
M. obliquus externus abdominis;;Wirbelsäule & Rumpf;Bauchmuskulatur;Rumpf;Bauchwand & Beckenboden;Außenfläche der 5.–12. Rippe;Crista iliaca, Lig. inguinale, Linea alba, Rektusscheide;"Beidseitig zieht der M. obliquus externus den Brustkorb nach unten und beugt den Rumpf; einseitig dreht er die Rumpfmittellinie zur Gegenseite und unterstützt die Lateralflexion zur eigenen Seite. Er ist zudem wesentlich an der Erhöhung des intraabdominalen Drucks beteiligt.";Flexion · Lateralflexion ipsilateral · Rotation kontralateral;Nn. intercostales, N. iliohypogastricus, N. ilioinguinalis;Th5–Th12;Bauchpresse, Leistenkanal;nein;Bauchwand;1;0;ja;M. obliquus externus abdominis;obliquus-externus-abdominis
M. obliquus internus abdominis;;Wirbelsäule & Rumpf;Bauchmuskulatur;Rumpf;Bauchwand & Beckenboden;Fascia thoracolumbalis, Crista iliaca, Lig. inguinale;Rippenknorpel 10–12, Linea alba, Rektusscheide;"Beidseits aktiviert beugt der M. obliquus internus den Rumpf; einseitig erzeugt er eine Rotation zur gleichen Seite sowie eine Lateralflexion ipsilateral. Zusammen mit dem M. transversus abdominis trägt er wesentlich zur Rumpfstabilisation bei.";Flexion · Lateralflexion ipsilateral · Rotation ipsilateral;Nn. intercostales, N. iliohypogastricus, N. ilioinguinalis;Th8–Th12;Bauchpresse, stabilisiert Rumpf;nein;Bauchwand;1;0;ja;M. obliquus internus abdominis;obliquus-internus-abdominis
M. obturatorius externus;;Untere Extremität;Hüfte;Art. coxae;Hüftgelenk;Os coxae und Membrana obturatoria (Außenseite);Fossa trochanterica des Femur;Dreht den Oberschenkel im Hüftgelenk nach außen;Außenrotation;N. obturatorius;L3, L4;"Ebenfalls Teil der tiefen Außenrotatorengruppe; klinisch kaum isoliert testbar, wird funktionell immer mit dem M. obturatorius internus bewertet";nein;;3;2;ja;M. obturatorius externus;obturatorius-externus
M. obturatorius internus;;Untere Extremität;Hüfte;Art. coxae;Hüftgelenk;Os coxae und Membrana obturatoria (Innenseite);Fossa trochanterica des Femur;Dreht den Oberschenkel im Hüftgelenk nach außen;Außenrotation;Plexus sacralis;L5, S1;"Teil der tiefen Außenrotatorengruppe; klinisch häufig zusammen mit Piriformis und den Gemelli beurteilt; gut zu testen im Seitenvergleich der Außenrotationskraft";nein;;3;1;ja;M. obturatorius internus;obturatorius-internus
M. occipitofrontalis;;Kopf & Hals;Mimikmuskulatur;Stirn · Galea;Mimik & Kopfmuskulatur;Galea aponeurotica (vorderes Blatt);Haut der Stirn und Augenbrauen;"Hebt die Augenbrauen; erzeugt horizontale Querfalten der Stirn; verschiebt Galea nach anterior.";Hebt Augenbrauen · erzeugt Querfalten der Stirn;N. facialis (VII), Rr. temporales;;"Venter frontalis: häufiges Zielorgan bei ästhetischer Botulinum-Toxin-Behandlung von Stirnfalten; Überaktivität kompensatorisch bei Ptosis.";nein;Mimische Muskulatur;2;0;nein;M. occipitofrontalis;occipitofrontalis-head-mimikmuskulatur-hebt-augenbrauen
M. occipitofrontalis;;Kopf & Hals;Mimikmuskulatur;Galea · Kopfhaut;Mimik & Kopfmuskulatur;Linea nuchalis superior (Os occipitale) und Mastoidregion;Galea aponeurotica (hinteres Blatt);"Zieht Galea aponeurotica nach dorsal; Antagonist zum Venter frontalis; ermöglicht gleitende Kopfhautbewegung.";Zieht Kopfhaut nach dorsal · fixiert Galea aponeurotica;N. facialis (VII), R. auricularis posterior;;"Verspannungen des Venter occipitalis können zu okzipitalen Kopfschmerzen beitragen; häufig begleitend bei Nackenverspannungen.";nein;Mimische Muskulatur;3;0;ja;M. occipitofrontalis;occipitofrontalis-head-mimikmuskulatur-zieht-kopfhaut-nach-dorsal
M. omohyoideus;;Kopf & Hals;Infrahyoidale Muskeln;Zungenbein;Zungenbein & Kehlkopf;Margo superior scapulae (medial der Incisura scapulae);Corpus ossis hyoidei (Cornu majus);"Der M. omohyoideus senkt das Zungenbein nach kaudal und spannt die mittlere Halsfaszie; durch die Spannung der Fascia cervicalis media hält er die V. jugularis interna offen und verhindert deren venösen Kollaps.";Zungenbeinabsenkung · Spannung der Halsfaszie;Ansa cervicalis;C1–C3;"Der M. omohyoideus spannt die tiefe Halsfaszie und verhindert dadurch einen venösen Stau in der V. jugularis interna; klinisch ist er bei Nackendissektionen relevant, da er als anatomische Leitstruktur dient.";nein;Infrahyoidale Muskeln;2;0;ja;M. omohyoideus;omohyoideus
M. opponens digiti minimi;;Obere Extremität;Hand & Finger;CMC;Hand;Hamulus ossis hamati und Retinaculum flexorum;Os metacarpale V;Opposition des kleinen Fingers im CMC-Gelenk;CMC-Opposition;N. ulnaris;C8, Th1;Ulnarisparese;nein;;2;1;ja;M. opponens digiti minimi#manus;opponens-digiti-minimi-upper-hand-cmc-opposition
M. opponens digiti minimi;;Untere Extremität;Fuß & Sprunggelenk;MTP Zeh V;Sprunggelenk & Fuß;"Lig. plantare longum; Basis des Os metatarsale V; Sehnenscheide des M. fibularis longus";Lateraler Rand des Os metatarsale V;Unterstützt Flexion und Abduktion der Kleinzehe und stabilisiert das laterale Längsgewölbe des Fußes;Zeh V: Flexion und Abduktion des MTP-Gelenks;N. tibialis (N. plantaris lateralis);S2, S3;"Wird in manchen Darstellungen nicht als eigener Muskel geführt; funktionell unterstützt er die Stabilität des äußeren Fußrandes";nein;;3;1;ja;M. opponens digiti minimi;opponens-digiti-minimi-lower-fuss-zeh-v-flexion-und-abduktion-des-mtp-gelenks
M. opponens pollicis;;Obere Extremität;Hand & Finger;Daumensattelgelenk;Hand;Os trapezium und Retinaculum flexorum;Os metacarpale I;Opposition des Daumens im Sattelgelenk;CMC-Adduktion · Opposition;N. medianus;C6, C7;Medianusparese – Verlust der Daumenopposition;nein;Daumenballen (Thenar);2;1;ja;M. opponens pollicis;opponens-pollicis
M. orbicularis oculi;;Kopf & Hals;Mimikmuskulatur;Augenlid;Mimik & Kopfmuskulatur;Orbitarand und Tarsalregion (umgibt die Orbita ringförmig);Haut um die Orbita, Tarsalregion und medialer Lidwinkel;Der M. orbicularis oculi schließt das Auge. Die Pars palpebralis sorgt für spontanen Lidschluss, die Pars orbitalis für festes Zusammenkneifen.;Lidschluss (willkürlich und reflektorisch);N. facialis (VII);;Bei peripherer Fazialisparese kommt es zum inkompletten Lidschluss (Lagophthalmus), was zu schwerer Hornhautschädigung (Expositionskeratitis) führen kann.;nein;Mimische Muskulatur;1;0;ja;M. orbicularis oculi;orbicularis-oculi
M. orbicularis oris;;Kopf & Hals;Mimikmuskulatur;Mund;Mimik & Kopfmuskulatur;Haut und Muskulatur der Lippen, Modiolus;Haut und Muskulatur der Lippen (orbitalе und marginale Faserbündel);"Der M. orbicularis oris schließt die Lippen und formt sie für Sprechen, Pusten und Pfeifen; seine oberflächlichen und tiefen Faserbündel wirken zusammen, um Mund und Lippen präzise zu steuern.";Mundschluss · Lippenformung · Pusten · Sprechen;N. facialis (VII), Rr. buccales und marginales mandibulares;;"Bei peripherer Fazialisparese ist der M. orbicularis oris gelähmt; es kommt zu inkomplettem Lippenschluss (Mundsegelphänomen), Speichelfluss und beeinträchtigter Artikulation.";nein;Mimische Muskulatur;1;0;ja;M. orbicularis oris;orbicularis-oris
M. palmaris brevis;;Obere Extremität;Hand & Finger;;Hand;Aponeurosis palmaris;Haut der ulnaren Handseite;Spannt die Haut am Kleinfingerballen;Spannt die Haut des Kleinfingerballens;N. ulnaris;C8, Th1;Ulnarisparese;nein;;3;1;ja;M. palmaris brevis;palmaris-brevis
M. palmaris longus;;Obere Extremität;Hand & Finger;Art. cubiti · Art. manus;Ellenbogen · Hand;Epicondylus medialis humeri;Aponeurosis palmaris;"Palmarflexion im Handgelenk; spannt die Palmaraponeurose";Palmarflexion;N. medianus;C8, Th1;Fehlt bei ca. 14% der Menschen, Sehnentransplantat-Spender;nein;;2;1;ja;M. palmaris longus;palmaris-longus
M. pectineus;;Untere Extremität;Hüfte;Art. coxae;Hüftgelenk;Pecten ossis pubis;Linea pectinea des Femur;"Adduziert den Oberschenkel und beugt ihn leicht im Hüftgelenk; eine geringe Außenrotation ist ebenfalls möglich";Adduktion · Flexion · Außenrotation;N. femoralis, N. obturatorius;L2, L3;"Adduktorenzerrungen betreffen besonders diesen Muskel, da er mechanisch stark belastet wird; als Ursprungstendinopathie am Schambein auch als Sportlerleiste bekannt";nein;Adduktorengruppe der Hüfte;2;1;ja;M. pectineus;pectineus
M. pectoralis major;;Obere Extremität;Schultergürtel;Art. humeri;Schultergelenk;"Pars clavicularis: Mediale Clavicula; Pars sternocostalis: Ventrale Sternumseite und 2.–6. Rippenknorpel; Pars abdominalis: Rektusscheide";Crista tuberculi majoris humeri;"Adduktion und Innenrotation; je nach Anteil zusätzlich Flexion oder Extension im Schultergelenk";Adduktion · Innenrotation · Flexion;Nn. pectorales mediales et laterales;C5, C6, C7, C8, Th1;Pectoralis-major-Ruptur, Verkürzung bei Protraktionshaltung;nein;;1;2;ja;M. pectoralis major;pectoralis-major
M. pectoralis minor;;Obere Extremität;Schultergürtel;Schultergürtel;Schultergürtel;Ventrale Seite der 3.–5. Rippe;Proc. coracoideus der Scapula;"Senkt die Scapula und zieht sie nach vorn; bei fixiertem Schultergürtel inspiratorische Nebenfunktion";Depression · Protraktion;N. pectoralis medialis;C6, C7, C8, Th1;Verkürzung bei Rundrücken, Thoracic-Outlet-Syndrom;nein;;1;2;ja;M. pectoralis minor;pectoralis-minor
M. piriformis;;Untere Extremität;Hüfte;Art. coxae;Hüftgelenk;Os sacrum, Facies pelvica;Trochanter major des Femur;"Außenrotiert den Oberschenkel im Hüftgelenk; wirkt bei 90° Hüftbeugung zusätzlich als Abduktor";Außenrotation · Abduktion;Plexus sacralis;S1, S2;"Gehört zur Gruppe der tiefen Außenrotatoren; bei Verletzungen oder Reizzuständen können Beschwerden die ischiadikusähnliche Symptomatik imitieren";nein;;2;2;ja;M. piriformis;piriformis
M. plantaris;;Untere Extremität;Fuß & Sprunggelenk;Art. genus · Art. talocruralis;Kniegelenk · Sprunggelenk & Fuß;Femur, Facies poplitea;Tuber calcanei;"Schwächer Plantarflexor und Kniebeuger; bei fehlendem Muskel übernehmen Gastrocnemius und Soleus vollständig seine Funktion";"Knie: Flexion; Fuß: Plantarflexion · Supination";N. tibialis;;"Der Muskel fehlt bei vielen Menschen ganz; meist bleibt das ohne Beschwerden, die Sehne wird aber teils als Transplantat genutzt";nein;Oberflächliche Wadenmuskulatur;3;1;ja;M. plantaris;plantaris
M. popliteus;;Untere Extremität;Knie;Art. genus;Kniegelenk;Epicondylus lateralis femoris, Hinterseite der Gelenkkapsel, Meniscus lateralis;Tibia, Facies posterior;Leitet die Kniebeugung ein, rotiert den Unterschenkel nach innen und entlastet den Außenmeniskus;Knieflexion · Knie-Innenrotation;N. tibialis;L4, L5, S1;"Gilt als Schlüssel zur Kniebeweglichkeit: Er ‘entriegelt’ das voll gestreckte Knie durch Innenrotation, bevor eine Flexion möglich ist; Verletzungen können Knieblockaden verursachen";nein;;2;1;ja;M. popliteus;popliteus
M. procerus;;Kopf & Hals;Mimikmuskulatur;Nase · Stirn;Mimik & Kopfmuskulatur;Nasenwurzel / Dorsalfläche der Nase (Nasenknorpel und Os nasale);Haut über der Glabella und der unteren Stirn;"Der M. procerus zieht die Haut über der Glabella nach kaudal und erzeugt Querfalten an der Nasenwurzel; er senkt den medialen Augenbrauenanteil und antagonisiert den M. frontalis.";Runzeln über Nasenwurzel · Senken des medialen Augenbrauenanteils;N. facialis (VII);;"Hyperaktivität führt zu queren Falten an der Nasenwurzel; Zielmuskel bei Botulinum-Toxin-Therapie für Zornesfalten.";nein;Mimische Muskulatur;3;0;ja;M. procerus;procerus
M. pronator quadratus;;Obere Extremität;Ellenbogen;Art. cubiti;Ellenbogen;Distales Viertel der Facies anterior ulnae;Distales Viertel der Facies anterior radii;"Pronation im Unterarm; stabilisiert Radius und Ulna distal";Pronation;N. medianus;C8, Th1;Distale Unterarmfraktur;nein;;2;1;ja;M. pronator quadratus;pronator-quadratus
M. pronator teres;;Obere Extremität;Ellenbogen;Art. cubiti;Ellenbogen;Epicondylus medialis humeri, mediale Seite der Tuberositas ulnae;Facies lateralis radii;"Pronation im Unterarm; unterstützt die Ellenbogenflexion";Flexion · Pronation;N. medianus;C6, C7;Pronator-teres-Syndrom (N. medianus-Kompression);nein;;1;3;ja;M. pronator teres;pronator-teres
M. psoas major;;Untere Extremität;Hüfte;Art. coxae · LWS;Wirbelsäule · Hüftgelenk;"Wirbelkörper (BWK 12 / LWK 1–4) und Disci intervertebrales; Procc. costales LWK 1–5 (tiefer Anteil)";Trochanter minor des Femur;"Beugt die Hüfte und adduziert den Oberschenkel; bei fixiertem Femur verstärkt er die Lendenlordose; wirkt zudem als Außenrotator im Hüftgelenk";Flexion · Adduktion · Außenrotation;Plexus lumbalis;L1, L2, L3;"Verkürzungen entstehen häufig durch langes Sitzen; klinisch relevant bei LWS-Beschwerden, Hyperlordose und dem sog. Psoassyndrom mit Leisten- und Rückenschmerzen";nein;;1;3;ja;M. psoas major;psoas-major
M. psoas minor;;Untere Extremität;Hüfte;Becken;Hüftgelenk;Wirbelkörper Th12/L1;Eminentia iliopubica;Kippt das Becken nach dorsal (Retroversion) und unterstützt die Stabilisierung der Lendenwirbelsäule in Streckstellung;Beckenkippung rückwärts;Plexus lumbalis;L1;Dieser Muskel fehlt bei etwa 10 % der Menschen und ist dann funktionell durch den Psoas major kompensiert – klinisch meist bedeutungslos, kann jedoch bei bildgebenden Verfahren als Zufallsbefund auffallen;nein;;3;0;ja;M. psoas minor;psoas-minor
M. pterygoideus lateralis;;Kopf & Hals;Kaumuskulatur;Kiefergelenk;Mimik & Kopfmuskulatur;"Caput superius: Facies infratemporalis des Os sphenoidale; Caput inferius: Caput laterale des Proc. condylaris";"Capsula articularis und Discus articularis (Caput superius); Proc. condylaris mandibulae (Caput inferius)";Der M. pterygoideus lateralis öffnet bei beidseitiger Kontraktion den Mund und zieht den Unterkiefer nach vorn. Bei einseitiger Aktivität verschiebt er den Unterkiefer zur Gegenseite (Laterotrusion) und ermöglicht damit Mahlbewegungen.;Mundöffnung (Abduktion) · Protrusion · Laterotrusion;N. pterygoideus lateralis (V3, N. trigeminus);;"Der M. pterygoideus lateralis ist der Schlüsselmuskel für Kieferöffnung und Mahlbewegungen; bei CMD und Kiefergelenksarthropathien ist er häufig verspannt und verursacht präaurikuläre Schmerzen und Kieferknacken.";nein;Kaumuskulatur;2;0;ja;M. pterygoideus lateralis;pterygoideus-lateralis
M. pterygoideus medialis;;Kopf & Hals;Kaumuskulatur;Kiefergelenk;Mimik & Kopfmuskulatur;"M. pterygoideus medialis (Pars superficialis): Fossa pterygoidea; Tuber maxillae";Tuberositas pterygoidea (Innenfläche des Ramus mandibulae);Der M. pterygoideus medialis schließt gemeinsam mit dem M. masseter den Mund und hebt den Unterkiefer an. Er ermöglicht zudem Protrusion und Mahlbewegungen des Unterkiefers (Laterotrusion zur Gegenseite).;Mundschluss · Protrusion · Laterotrusion;N. pterygoideus medialis (V3, N. trigeminus);;"Der M. pterygoideus medialis ist bei Kiefergelenks-Dysfunktionen (CMD) oft verspannt; zusammen mit dem M. masseter bildet er die sogenannte Masseterschlinge, Spannungen können Schluckbeschwerden und Trismus auslösen.";nein;Kaumuskulatur;2;0;ja;M. pterygoideus medialis;pterygoideus-medialis
M. quadratus femoris;;Untere Extremität;Hüfte;Art. coxae;Hüftgelenk;Tuber ischiadicum (lateral);Crista intertrochanterica des Femur;"Dreht den Oberschenkel nach außen und zieht ihn leicht zur Körpermitte (Adduktion); liegt zwischen Tuber ischiadicum und Crista intertrochanterica";Außenrotation · Adduktion;Plexus sacralis;L4, L5, S1;"Tiefe Außenrotatorengruppe; bei Reizung oder Verspannung kann Druckdolenz am Tuber ischiadicum auf diesen Muskel hindeuten";nein;;3;1;ja;M. quadratus femoris;quadratus-femoris
M. quadratus lumborum;;Wirbelsäule & Rumpf;Bauchmuskulatur;Rumpf · LWS;Wirbelsäule · Bauchwand & Beckenboden;Crista iliaca, Lig. iliolumbale;12. Rippe, Procc. costarii L1–L4;"Hebt einseitig das Becken und neigt die LWS zur gleichen Seite; beidseitig stabilisiert er Lendenregion und 12. Rippe";Lateralflexion · Extension · Rippensenkung;Plexus lumbalis;Th12, L1–L4;LWS-Schmerzen, Beckenschiefstand;nein;;2;0;ja;M. quadratus lumborum;quadratus-lumborum
M. quadratus plantae;;Untere Extremität;Fuß & Sprunggelenk;;Sprunggelenk & Fuß;Tuber calcanei (plantare Seite);M. flexor digitorum longus (Endsehne);Richtet die Zugrichtung des langen Zehenbeugers aus und unterstützt das Beugen der Kleinzehen;Zeh II–V: Flexion der MTP- und IP-Gelenke (unterstützt M. flexor digitorum longus);N. tibialis (N. plantaris lateralis);;"Verbessert die Kraftübertragung auf die Kleinzehen; Schwäche macht die plantare Zehenbeugung weniger sauber";nein;;3;1;ja;M. quadratus plantae;quadratus-plantae
M. rectus abdominis;;Wirbelsäule & Rumpf;Bauchmuskulatur;Rumpf;Bauchwand & Beckenboden;Proc. xiphoideus, Rippenknorpel 5–7;Symphysis pubica, Os pubis;Der M. rectus abdominis beugt den Rumpf nach ventral, indem er Brustkorb und Becken annähert. Darüber hinaus erhöht er den intraabdominalen Druck und unterstützt damit Bauchpresse, Defäkation, Miktion und Geburt.;Flexion · Kompression;Nn. intercostales;Th5–Th12;Rektusdiastase, Bauchpresse;nein;Bauchwand;1;0;ja;M. rectus abdominis;rectus-abdominis
M. rectus femoris;;Untere Extremität;Knie;Art. coxae · Art. genus;Hüftgelenk · Kniegelenk;Spina iliaca anterior inferior und Azetabulum (oberer Rand);Tuberositas tibiae (via Patellarsehne);"Beugt die Hüfte im Hüftgelenk (Flexion in der Art. coxae); streckt das Kniegelenk als Teil des Quadriceps (Extension in der Art. genus)";Hüftflexion · Knieextension;N. femoralis;L2, L3, L4;"Risse der Quadricepssehne oder der Patellarsehne entstehen oft durch exzentrische Überlastung; der Rectus femoris ist als einziger Quadricepsanteil zweigelenkig und damit besonders gefährdet";nein;M. quadriceps femoris;1;3;ja;M. rectus femoris;rectus-femoris
M. rhomboideus major;;Obere Extremität;Schultergürtel;Schultergürtel;Schultergürtel;Procc. spinosi Th1–Th4;Margo medialis scapulae;Retraktion, leichte Elevation und Abwärtsrotation der Scapula;Elevation · Retraktion · Innenrotation;N. dorsalis scapulae;C4, C5;Schwäche bei Skapula-Instabilität;nein;;1;1;ja;M. rhomboideus major;rhomboideus-major
M. rhomboideus minor;;Obere Extremität;Schultergürtel;Schultergürtel;Schultergürtel;Procc. spinosi C6–C7 und Lig. nuchae;Margo medialis scapulae;Retraktion, leichte Elevation und Abwärtsrotation der Scapula;Elevation · Retraktion · Innenrotation;N. dorsalis scapulae;C4, C5;Schwäche bei Skapula-Instabilität;nein;;1;1;ja;M. rhomboideus minor;rhomboideus-minor
M. sartorius;;Untere Extremität;Hüfte;Art. coxae · Art. genus;Hüftgelenk · Kniegelenk;Spina iliaca anterior superior;Tibia, Facies medialis (Pes anserinus);"Beugt und dreht die Hüfte nach außen; abduziert; im Kniegelenk bewirkt er Beugung und Innenrotation des Unterschenkels – typische Schneidersitzposition";Hüftflexion · Außenrotation · Abduktion · Knieflexion · Knie-Innenrotation;N. femoralis;L2, L3;Pes-anserinus-Syndrom;nein;;1;1;ja;M. sartorius;sartorius
M. semimembranosus;;Untere Extremität;Knie;Art. coxae · Art. genus;Hüftgelenk · Kniegelenk;Tuber ischiadicum;"Condylus medialis tibiae; Lig. popliteum obliquum";"Streckt die Hüfte (Extension in der Art. coxae) und beugt das Knie (Flexion in der Art. genus); bei gebeugtem Knie Innenrotation des Unterschenkels; zieht den Meniscus lateralis nach dorsal";Hüftextension · Knieflexion · Knie-Innenrotation;N. tibialis;L5, S1, S2;"Wie Semitendinosus ischiokrural gefährdet; die semimembranosus-Sehne kann eine Baker-Zyste unterhalten, wenn sie bei Kniepathologien mechanisch reizt";nein;Ischiocrurale Gruppe;1;3;ja;M. semimembranosus;semimembranosus
M. semispinalis;;Wirbelsäule & Rumpf;Rückenmuskulatur;Wirbelsäule · Kopf;Wirbelsäule;"M. semispinalis capitis: Procc. transversi der hochthorakalen Wirbel und C3–C6; M. semispinalis cervicis: Procc. transversi der thorakalen Wirbel und C7; M. semispinalis thoracis: Procc. transversi Th7–Th12";"Linea nuchalis superior/inferior (capitis); Procc. spinosi C2–Th1 (cervicis); Procc. spinosi Th1–Th6, C6–C7 (thoracis)";"Beidseitig aktiv streckt der M. semispinalis HWS und BWS kräftig durch; bei einseitiger Kontraktion dreht er den Kopf und die Halswirbelsäule zur Gegenseite, was ihm eine wichtige Rolle bei Rotationsbewegungen des Kopfes verleiht.";Extension · Rotation kontralateral;Rr. dorsales der Spinalnerven;;Wichtiger Kopf- und Nackenextensor;nein;Autochthone Rückenmuskulatur — medialer Trakt;2;0;ja;M. semispinalis;semispinalis
M. semitendinosus;;Untere Extremität;Knie;Art. coxae · Art. genus;Hüftgelenk · Kniegelenk;Tuber ischiadicum;Tibia, Facies medialis (Pes anserinus);"Streckt die Hüfte (Extension in der Art. coxae) und beugt das Knie (Flexion in der Art. genus); bei gebeugtem Knie Innenrotation des Unterschenkels";Hüftextension · Knieflexion · Knie-Innenrotation;N. tibialis;L5, S1, S2;"Zerrungen entstehen typischerweise beim Sprint oder schnellen Antritt; die Sehne dient als autologes Transplantat (z.B. Semitendinosus-Plastik) bei vorderem Kreuzbandriss";nein;Ischiocrurale Gruppe;1;3;ja;M. semitendinosus;semitendinosus
M. serratus anterior;;Obere Extremität;Schultergürtel;Schultergürtel;Schultergürtel;"Pars superior: 1.–2. Rippe; Pars intermedia: 2.–3. Rippe; Pars inferior: 4.–9./10. Rippe";"Angulus superior (Pars superior); Margo medialis (Pars intermedia); Angulus inferior (Pars inferior)";"Protraktion und Stabilisierung der Scapula am Thorax; Pars inferior unterstützt die Aufwärtsrotation";Protraktion · Laterorotation;N. thoracicus longus;C5, C6, C7;Scapula alata bei Lähmung des N. thoracicus longus;nein;;2;2;ja;M. serratus anterior;serratus-anterior
M. serratus posterior inferior;;Wirbelsäule & Rumpf;Rückenmuskulatur;Rippen;Wirbelsäule;Procc. spinosi Th11–L2, Fascia thoracolumbalis;9.–12. Rippe (lateral der Anguli costae);Senkt die unteren Rippen und unterstützt die forcierte Ausatmung;Rippensenkung (Exspiration);Nn. intercostales;Th9–Th12;Atemhilfsmuskel bei forcierter Ausatmung;nein;;3;0;ja;M. serratus posterior inferior;serratus-posterior-inferior
M. serratus posterior superior;;Wirbelsäule & Rumpf;Rückenmuskulatur;Rippen;Wirbelsäule;Procc. spinosi C6–Th2, Lig. nuchae;2.–5. Rippe (lateral der Anguli costae);Hebt die oberen Rippen und unterstützt die Einatmung;Rippenhebung (Inspiration);Nn. intercostales;Th1–Th4;Atemhilfsmuskel bei forcierter Einatmung;nein;;3;0;ja;M. serratus posterior superior;serratus-posterior-superior
M. soleus;;Untere Extremität;Fuß & Sprunggelenk;Art. talocruralis;Sprunggelenk & Fuß;Dorsale Tibia, Fibula und Arcus tendineus;Tuber calcanei (über Achillessehne);"Plantarflektiert den Fuß unabhängig von der Kniestellung; supiniert; als stärkster Plantarflexor ist er beim Gehen, Laufen und Treppensteigen essentiell";Fuß: Plantarflexion · Supination;N. tibialis;;"Bedeutsam als tiefe Beinvene verlaufende Muskelpumpe bei der Thromboseprophylaxe; Achillessehnenruptur und posteriores Kompartmentsyndrom betreffen auch den Soleus";nein;Oberflächliche Wadenmuskulatur;1;1;ja;M. soleus;soleus
M. sternocleidomastoideus;;Kopf & Hals;Halsmuskulatur;Kopfgelenke;Wirbelsäule;"Caput sternale: Manubrium sterni; Caput claviculare: Mediales Klavikuladrittel";"Proc. mastoideus; Linea nuchalis superior (lateraler Anteil)";"Beidseitig zieht der M. sternocleidomastoideus den Kopf in Inklination (Nickbewegung); einseitig rotiert er den Kopf zur Gegenseite und neigt ihn zur gleichen Seite. Er ist zudem ein wichtiger Atemhilfsmuskel bei forcierter Inspiration.";Rotation kontralateral · Lateralflexion ipsilateral · Inklination (bilateral);N. accessorius (XI), Plexus cervicalis C2–C3;C2–C3;"Der M. sternocleidomastoideus ist klinisch bedeutsam beim muskulären Schiefhals (Torticollis); er wird außerdem als Atemhilfsmuskel bei obstruktiver Lungenerkrankung aktiviert und ist ein wichtiges Leitgebilde für Halsoperationen.";nein;;1;0;ja;M. sternocleidomastoideus;sternocleidomastoideus
M. sternohyoideus;;Kopf & Hals;Infrahyoidale Muskeln;Zungenbein;Zungenbein & Kehlkopf;Manubrium sterni und Articulatio sternoclavicularis;Corpus ossis hyoidei;Der M. sternohyoideus senkt das Zungenbein nach dem Schluckakt wieder in die Ruhelage und zieht es nach kaudal. Er spielt zudem bei der Regulierung der Kehlkopfposition während der Phonation eine wichtige Rolle.;Zungenbeinabsenkung;Ansa cervicalis;C1–C3;"Als infrahyoidaler Muskel senkt der M. sternohyoideus das Zungenbein nach dem Schlucken wieder ab; bei Zustand nach Laryngektomie oder Nackendissektionen kann er in seiner Funktion eingeschränkt sein.";nein;Infrahyoidale Muskeln;1;0;ja;M. sternohyoideus;sternohyoideus
M. sternothyroideus;;Kopf & Hals;Infrahyoidale Muskeln;Kehlkopf;Zungenbein & Kehlkopf;Manubrium sterni (Innenfläche);Cartilago thyroidea (Linea obliqua);"Der M. sternothyroideus zieht den Kehlkopf nach kaudal; er senkt die Stimmlippen und ermöglicht damit tiefere Tonlagen. Nach dem Schlucken führt er gemeinsam mit den anderen infrahyoidalen Muskeln den Kehlkopf in die Ausgangsposition zurück.";Kehlkopfabsenkung;Ansa cervicalis;C1–C3;"Der M. sternothyroideus senkt den Kehlkopf nach dem Schlucken wieder ab und ist für tiefe Töne bei der Phonation mitverantwortlich; nach Schilddrüsenoperationen kann er vernäht oder durchtrennt sein.";nein;Infrahyoidale Muskeln;1;0;ja;M. sternothyroideus;sternothyroideus
M. stylohyoideus;;Kopf & Hals;Suprahyoidale Muskeln;Zungenbein;Zungenbein & Kehlkopf;Proc. styloideus (Os temporale);Corpus ossis hyoidei (Cornu majus);"Der M. stylohyoideus zieht das Zungenbein nach dorsal und kranial; er antagonisiert die ventralen suprahyoidalen Muskeln und ist an der Stabilisierung des Zungenbeins während der Schluck- und Sprechbewegungen beteiligt.";Zungenbeinanhebung und -dorsalverlagerung;N. facialis (VII);;"Der M. stylohyoideus wird vom N. facialis versorgt; bei peripherer Fazialisparese kann seine Lähmung die Zungenbeinanhebung beim Schlucken beeinträchtigen und zur neurogenen Dysphagie beitragen.";nein;Suprahyoidale Muskeln;2;0;ja;M. stylohyoideus;stylohyoideus
M. subclavius;;Obere Extremität;Schultergürtel;Schultergürtel;Schultergürtel;Oberseite der 1. Rippe;Unterseite der Clavicula, Extremitas acromialis;Stabilisiert und senkt die Clavicula;Depression der Clavicula;N. subclavius;C5, C6;Schutzfunktion für subclaviale Gefäße;nein;;2;1;ja;M. subclavius;subclavius
M. subscapularis;;Obere Extremität;Schultergürtel;Art. humeri;Schultergelenk;Fossa subscapularis der Scapula (ventrale Seite);Crista tuberculi minoris humeri;Innenrotation und Adduktion im Schultergelenk;Innenrotation · Adduktion;N. subscapularis;C5, C6;Rotatorenmanschettenruptur, Subscapularis-Insuffizienz;nein;Rotatorenmanschette;1;3;ja;M. subscapularis;subscapularis
M. supinator;;Obere Extremität;Ellenbogen;Art. cubiti;Ellenbogen;Epicondylus lateralis humeri, Crista musculi supinatoris ulnae, Lig. collaterale radiale, Lig. anulare radii;Proximaler Bereich der Facies lateralis radii;Supination im Unterarm;Supination;N. radialis;C5, C6;Supinator-Syndrom (N. radialis profundus-Kompression);nein;;2;2;ja;M. supinator;supinator
M. supraspinatus;;Obere Extremität;Schultergürtel;Art. humeri;Schultergelenk;Fossa supraspinata der Scapula;Kranialer Teil des Tuberculum majus, Gelenkkapsel;"Initiiert die Abduktion; unterstützt die Außenrotation";Abduktion · Außenrotation;N. suprascapularis;C4, C5, C6;Impingement-Syndrom, Rotatorenmanschettenruptur;nein;Rotatorenmanschette;1;2;ja;M. supraspinatus;supraspinatus
M. temporalis;;Kopf & Hals;Kaumuskulatur;Kiefergelenk;Mimik & Kopfmuskulatur;Fossa temporalis und Fascia temporalis;Proc. coronoideus mandibulae und Vorderkante des Ramus mandibulae;Der M. temporalis hebt den Unterkiefer und schließt damit den Mund. Die hinteren Fasern ziehen den vorgeschobenen Unterkiefer nach dorsal (Retrusion) und sind damit der wichtigste Antagonist zur Protrusion.;Mundschluss · Retrusion des Unterkiefers;N. temporalis profundus (V3, N. trigeminus);;"Triggerpunkte im M. temporalis sind eine häufige Ursache für Schläfen- und Stirnkopfschmerzen sowie Zahnschmerzen; er ist bei Kiefergelenks-Dysfunktionen und Bruxismus mitbetroffen.";nein;Kaumuskulatur;1;0;ja;M. temporalis;temporalis
M. tensor fasciae latae;;Untere Extremität;Hüfte;Art. coxae · Art. genus;Hüftgelenk · Kniegelenk;Spina iliaca anterior superior;Tractus iliotibialis, Tuberculum von Gerdy an der Tibia;"Abduziert und beugt die Hüfte, dreht den Oberschenkel nach innen; spannt den Tractus iliotibialis und entlastet damit Femurschaft und -hals";Abduktion · Flexion · Innenrotation;N. gluteus superior;L4, L5, S1;"Pes-anserinus-Syndrom (Insertion am medialen Tibiakopf); die Sehne wird zudem als autologes Transplantat bei Kreuzbandrekonstruktionen verwendet";nein;;1;2;ja;M. tensor fasciae latae;tensor-fasciae-latae
M. teres major;;Obere Extremität;Schultergürtel;Art. humeri;Schultergelenk;Kaudaler Teil der Margo lateralis und Angulus inferior der Scapula;Crista tuberculi minoris humeri;Innenrotation, Adduktion und Extension im Schultergelenk;Innenrotation · Adduktion · Extension;N. subscapularis;C5, C6, C7;Verkürzung bei Innenrotationskontraktur;nein;;1;2;ja;M. teres major;teres-major
M. teres minor;;Obere Extremität;Schultergürtel;Art. humeri;Schultergelenk;Margo lateralis der Scapula;Kaudaler Teil des Tuberculum majus, Gelenkkapsel;Außenrotation und Adduktion im Schultergelenk;Außenrotation · Adduktion;N. axillaris;C5, C6;Rotatorenmanschettenruptur;nein;Rotatorenmanschette;1;2;ja;M. teres minor;teres-minor
M. thyrohyoideus;;Kopf & Hals;Infrahyoidale Muskeln;Kehlkopf · Zungenbein;Zungenbein & Kehlkopf;Linea obliqua der Cartilago thyroidea;Cornu majus des Os hyoideum;"Der M. thyrohyoideus nähert Schildknorpel und Zungenbein an; bei fixiertem Zungenbein hebt er den Kehlkopf an, bei fixiertem Kehlkopf senkt er das Zungenbein. Er ist ein wichtiger Muskel bei der laryngealen Elevation beim Schlucken.";Annäherung von Kehlkopf und Zungenbein · Kehlkopfhebung;R. thyrohyoideus (aus C1 über N. hypoglossus XII);C1;"Der M. thyrohyoideus nähert beim Schlucken Zungenbein und Kehlkopf einander an und erleichtert so den Verschluss des Kehlkopfeingangs; Lähmungen durch N.-hypoglossus-Läsionen (R. thyrohyoideus aus C1) können Aspirationen begünstigen.";nein;Infrahyoidale Muskeln;2;0;ja;M. thyrohyoideus;thyrohyoideus
M. tibialis anterior;;Untere Extremität;Fuß & Sprunggelenk;Art. talocruralis · Art. subtalaris;Sprunggelenk & Fuß;"Tibia, Condylus und Facies lateralis (proximal); Membrana interossea";Os cuneiforme I und Os metatarsale I (Basis);"Hebt den Fuß (Dorsalextension) und supiniert; stützt das mediale Längsgewölbe; bei der Gangabwicklung verhindert er das Fußaufklappen";"Fuß: Dorsalextension · Supination; Unterstützung des Fußgewölbes";N. peroneus profundus;;"Bei N.-peroneus-profundus-Parese entsteht eine Fußheberschwäche (Fallfuß); bei Kompartmentsyndrom des vorderen Loge ist dieser Muskel besonders betroffen";nein;;1;2;ja;M. tibialis anterior;tibialis-anterior
M. tibialis posterior;;Untere Extremität;Fuß & Sprunggelenk;Art. talocruralis · Art. subtalaris;Sprunggelenk & Fuß;Facies posterior tibiae et fibulae und Membrana interossea;"Os naviculare (Tuberositas), Ossa cuneiformia (plantare Seite); Os cuboideum und Os metatarsale II–IV (Basis)";"Plantarflektiert und supiniert den Fuß; wichtigster statischer und dynamischer Stabilisator des medialen Längsgewölbes";Fuß: Plantarflexion · Supination;N. tibialis;;"Insuffizienz führt zum Kollaps des medialen Gewölbes und progressivem Plattfuß; Tarsaltunnelsyndrom kann den N. tibialis hinter dem Innenknöchel einklemmen";nein;;2;2;ja;M. tibialis posterior;tibialis-posterior
M. transversus abdominis;;Wirbelsäule & Rumpf;Bauchmuskulatur;Rumpf;Bauchwand & Beckenboden;Innenfläche der 7.–12. Rippenknorpel, Fascia thoracolumbalis, Crista iliaca, Lig. inguinale;Linea alba, Rektusscheide;Der M. transversus abdominis umgibt den Rumpf wie ein muskuläres Korsett und erhöht bei Kontraktion den intraabdominalen Druck. Er ist der wichtigste Stabilisator der Lendenwirbelsäule und des Beckens und bildet die Grundlage jeder Core-Stabilisation.;Kompression (Bauchpresse);Nn. intercostales, N. iliohypogastricus, N. ilioinguinalis;Th7–Th12;Wichtigster Core-Stabilisator, feedforward-Aktivierung;nein;Bauchwand;2;0;ja;M. transversus abdominis;transversus-abdominis
M. transversus perinei profundus;;Wirbelsäule & Rumpf;Beckenboden;Becken;Bauchwand & Beckenboden;Rami der Ossa ischii;Rami der Ossa ischii (Gegenseite);Spannt die tiefe Urogenitalplatte quer aus und unterstützt Kontinenz sowie Organhalt;Stützt Beckeneingeweide;N. pudendus;S2, S3, S4;Beckenbodenschwäche;nein;Beckenboden;3;0;ja;M. transversus perinei profundus;transversus-perinei-profundus
M. transversus perinei superficialis;;Wirbelsäule & Rumpf;Beckenboden;Becken;Bauchwand & Beckenboden;Tuber ischiadicum;Corpus perineale;Stabilisiert das perineale Zentrum und unterstützt den oberflächlichen Beckenboden;Stützt Beckeneingeweide;N. pudendus;S2, S3, S4;Beckenbodenschwäche;nein;Beckenboden;3;0;ja;M. transversus perinei superficialis;transversus-perinei-superficialis
M. trapezius – Pars ascendens;;Obere Extremität;Schultergürtel;Schultergürtel;Schultergürtel;Procc. spinosi Th3–Th12;Laterales Drittel der Spina scapulae;"Senkung der Scapula; unterstützt die Aufwärtsrotation";Depression · Retraktion · Laterorotation;N. accessorius (XI), Plexus cervicalis;C2, C3, C4;Schwäche begünstigt Schulterhochstand;nein;;1;2;ja;M. trapezius – Pars ascendens;trapezius-pars-ascendens
M. trapezius – Pars descendens;;Obere Extremität;Schultergürtel;Schultergürtel;Schultergürtel;Linea nuchae superior, Protuberantia occipitalis externa, Lig. nuchae C1–C6;Laterales Drittel der Clavicula, Akromion;"Hebt die Scapula und unterstützt die Aufwärtsrotation; unterstützt HWS-Bewegungen";Elevation · Laterorotation;N. accessorius (XI), Plexus cervicalis;C2, C3, C4;Verspannungen, Zervikalsyndrom, Triggerpunkte;nein;;1;2;ja;M. trapezius – Pars descendens;trapezius-pars-descendens
M. trapezius – Pars transversa;;Obere Extremität;Schultergürtel;Schultergürtel;Schultergürtel;Unterer Teil des Lig. nuchae (C6–C7), Procc. spinosi Th1–Th3;Akromion, lateraler Teil der Spina scapulae;Retraktion der Scapula;Retraktion;N. accessorius (XI), Plexus cervicalis;C2, C3, C4;Schwäche führt zu Skapula-Protraktion;nein;;1;2;ja;M. trapezius – Pars transversa;trapezius-pars-transversa
M. triceps brachii – Caput laterale und mediale;;Obere Extremität;Ellenbogen;Art. cubiti;Ellenbogen;"Caput laterale: Facies posterior humeri proximal des Sulcus n. radialis; Caput mediale: Facies posterior humeri distal des Sulcus n. radialis";Olecranon ulnae;Extension im Ellenbogen;Extension;N. radialis;C6, C7, C8;Trizepssehnenruptur;nein;;1;3;ja;M. triceps brachii – Caput laterale und mediale;triceps-brachii-caput-laterale-und-mediale
M. triceps brachii – Caput longum;;Obere Extremität;Ellenbogen;Art. cubiti · Art. humeri;Schultergelenk · Ellenbogen;Tuberculum und Labrum infraglenoidale scapulae;Olecranon ulnae;"Extension im Ellenbogen; unterstützt Extension und Adduktion im Schultergelenk";Extension · Adduktion;N. radialis;C6, C7, C8;Trizepssehnenruptur;nein;;1;3;ja;M. triceps brachii – Caput longum;triceps-brachii-caput-longum
M. vastus intermedius;;Untere Extremität;Knie;Art. genus;Kniegelenk;Corpus femoris (ventral);Tuberositas tibiae (via Patellarsehne), Retinaculum patellae;"Streckt das Knie (Extension in der Art. genus); bildet gemeinsam mit den anderen Quadricepsanteilen die Hauptkraft für die Knieextension";Knieextension;N. femoralis;L2, L3, L4;"Ruptur der Quadricepssehne kann alle vier Köpfe betreffen; der Vastus intermedius liegt am tiefsten und ist diagnostisch oft erst in der MRT-Bildgebung beurteilbar";nein;M. quadriceps femoris;2;3;ja;M. vastus intermedius;vastus-intermedius
M. vastus lateralis;;Untere Extremität;Knie;Art. genus;Kniegelenk;Trochanter major und Labium laterale der Linea aspera (dorsolateral);Tuberositas tibiae (via Patellarsehne), Retinaculum patellae;"Streckt das Knie (Extension in der Art. genus); beeinflusst die Patellastellung über das laterale Retinaculum";Knieextension;N. femoralis;L2, L3, L4;"Bei Tractus-iliotibialis-Syndrom kann der verdickte Tractus auf den Vastus lateralis Druck ausüben; auch bei vorderem Knieschmerz und Patelladysplasie klinisch relevant";nein;M. quadriceps femoris;1;3;ja;M. vastus lateralis;vastus-lateralis
M. vastus medialis;;Untere Extremität;Knie;Art. genus;Kniegelenk;Labium mediale der Linea aspera (dorsomedial);Tuberositas tibiae (via Patellarsehne), Retinaculum patellae;"Streckt das Knie (Extension in der Art. genus); der schräg verlaufende distale Anteil (VMO) stabilisiert die Patella nach medial";Knieextension;N. femoralis;L2, L3, L4;"VMO-Insuffizienz (vastus medialis oblique) begründet laterale Patellainstabilität und Patellaluxation; gezieltes Training des VMO ist Bestandteil vieler Knierehabilitationsprogramme";nein;M. quadriceps femoris;1;3;ja;M. vastus medialis;vastus-medialis
Mm. iliocostales;;Wirbelsäule & Rumpf;Rückenmuskulatur;Wirbelsäule;Wirbelsäule;"Pars lumbalis: Sakrum und Crista iliaca; Pars thoracalis: 7.–12. Rippe";"Anguli costae Rippen 7–12 (Pars lumbalis); 1.–6. Rippe (Pars thoracalis); Procc. transversi C4–C6 (Pars cervicalis)";"Strecken den Rumpf; einseitig Seitneigung, zervikal zusätzlich Atemhilfe";Extension · Lateralflexion;Rr. dorsales der Spinalnerven;;Rückenschmerzen, muskuläre Dysbalance;nein;Autochthone Rückenmuskulatur — lateraler Trakt;2;0;ja;Mm. iliocostales;iliocostales
Mm. interossei dorsales;;Untere Extremität;Fuß & Sprunggelenk;MTP Zehen II–IV;Sprunggelenk & Fuß;Ossa metatarsi I–V (die einander zugewandten Seiten);Zehen II–IV, Basis der proximalen Phalangen (lateral und medial);"Abduzieren die Zehen II–IV vom zweiten Strahl weg; beugen die MTP-Gelenke; Zehe II kann durch den ersten dorsalen Interosseus auch medialwärts abduziert werden";"Zeh II–IV: Flexion und laterale Abduktion im MTP-Gelenk; Zeh II: mediale Abduktion";N. tibialis (N. plantaris lateralis);;"Beim Spreizfuß sind die dorsalen Interossei durch den Druck in der Fußquere gestört; bei Krallenzehen überwiegen die extrinsischen Muskeln gegenüber den schwachen Interossei";nein;;3;1;ja;Mm. interossei dorsales;interossei-dorsales
Mm. interossei dorsales I–IV;;Obere Extremität;Hand & Finger;MCP · PIP · DIP;Hand;Einander zugekehrte Seiten der Ossa metacarpi I–V;Dorsalaponeurosen der Finger II–IV;"Abduktion der Finger vom Mittelfinger weg; zusätzlich MCP-Flexion und IP-Extension";MCP-Flexion · IP-Extension · Abduktion;N. ulnaris;C8, Th1;Ulnarisparese – Atrophie der Interossei;nein;;3;1;ja;Mm. interossei dorsales I–IV;interossei-dorsales-i-iv
Mm. interossei palmares I–III;;Obere Extremität;Hand & Finger;MCP · PIP · DIP;Hand;Ulnare Seite des Os metacarpale II, radiale Seite der Ossa metacarpi IV und V;Dorsalaponeurosen der Finger II, IV und V;"Adduktion der Finger zum Mittelfinger; zusätzlich MCP-Flexion und IP-Extension";MCP-Flexion · IP-Extension · Adduktion;N. ulnaris;C8, Th1;Ulnarisparese – Krallenhand;nein;;3;1;ja;Mm. interossei palmares I–III;interossei-palmares-i-iii
Mm. interossei plantares;;Untere Extremität;Fuß & Sprunggelenk;MTP Zehen III–V;Sprunggelenk & Fuß;Ossa metatarsi III–V;Zehen III–V, Basis der proximalen Phalangen;"Adduzieren die Zehen III–V zur zweiten Zehenachse hin; beugen die MTP-Gelenke";Zeh III–V: Flexion und Adduktion der MTP-Gelenke (zum II. Strahl hin);N. tibialis (N. plantaris lateralis);;"Bei Spreizfuß und Krallenzehen durch Schwäche der intrinsischen Fußmuskeln; enger Schuhwerk begünstigt die Ausprägung";nein;;3;1;ja;Mm. interossei plantares;interossei-plantares
Mm. interspinales;;Wirbelsäule & Rumpf;Rückenmuskulatur;Wirbelsäule;Wirbelsäule;Procc. spinosi (zervikal, thorakal, lumbal);Nächsthöhere Procc. spinosi;Die Mm. interspinales wirken als segmentale Extensoren: Durch die Annäherung benachbarter Dornfortsätze leisten sie einen feinen Beitrag zur Aufrichtung der Wirbelsäule und unterstützen dabei propriozeptiv die Gelenkstellung.;Extension;Rr. dorsales der Spinalnerven;;Segmentale Stabilisation;nein;Autochthone Rückenmuskulatur — medialer Trakt;3;0;ja;Mm. interspinales;interspinales
Mm. intertransversarii mediales;;Wirbelsäule & Rumpf;Rückenmuskulatur;Wirbelsäule;Wirbelsäule;Procc. transversi (zervikal und lumbal);Nächsthöhere Procc. transversi;Bei einseitiger Aktivität neigen die Mm. intertransversarii mediales die Wirbelsäule zur ipsilateralen Seite. Werden sie beiderseits aktiviert, leisten sie einen ergänzenden Beitrag zur segmentalen Streckung.;Lateralflexion · Extension;Rr. dorsales der Spinalnerven;;Segmentale Stabilisation;nein;Autochthone Rückenmuskulatur — medialer Trakt;3;0;ja;Mm. intertransversarii mediales;intertransversarii-mediales
Mm. longissimi;;Wirbelsäule & Rumpf;Rückenmuskulatur;Wirbelsäule · Kopf;Wirbelsäule;"M. longissimus thoracis: Procc. accessorii und Procc. transversi L1–L5; M. longissimus capitis/cervicis: Procc. transversi der thorakalen und zervikalen Wirbel";"Crista iliaca, Sakrum (lumbal); 1.–12. Rippe (thorakal); Proc. mastoideus (capitis)";"Die Mm. longissimi richten bei beidseitiger Aktivität die Wirbelsäule und den Kopf auf; bei einseitiger Kontraktion bewirken sie eine Lateralflexion und ipsilaterale Rotation. Die Kapitis-Anteile ermöglichen zusätzlich eine Reklination des Kopfes.";Extension · Lateralflexion · Rotation ipsilateral;Rr. dorsales der Spinalnerven;;Rückenschmerzen, muskuläre Dysbalance;nein;Autochthone Rückenmuskulatur — lateraler Trakt;2;0;ja;Mm. longissimi;longissimi
Mm. lumbricales;;Untere Extremität;Fuß & Sprunggelenk;MTP Zehen II–V;Sprunggelenk & Fuß;Sehnen des M. flexor digitorum longus;Zehen II–V, Basen der proximalen Phalangen (medial);"Beugen die MTP-Gelenke II–V; die Mm. lumbricales III–V adduzieren ihre Zehen zur zweiten Achse hin; Zehe II kann abgespreizt werden";"Zeh II–V: Flexion der MTP-Gelenke; Zeh III–V: Adduktion; Zeh II: Abduktion";N. tibialis (N. plantaris medialis und lateralis);;"Beim Spreizfuß und bei Krallenzehen geschwächt; Ausfälle der Lumbrikalfunktion begünstigen Hyperextension in MTP und Flexion in IP (Krallenzehe)";nein;;3;1;ja;Mm. lumbricales;lumbricales
Mm. lumbricales I–IV;;Obere Extremität;Hand & Finger;MCP · PIP · DIP;Hand;Sehnen des M. flexor digitorum profundus;Dorsalaponeurosen der Finger II–V;MCP-Flexion, IP-Extension und leichte Radialabduktion der Finger II-V;MCP-Flexion · IP-Extension · Radialabduktion;N. medianus (I, II), N. ulnaris (III, IV);C8, Th1;Lumbrikale-Plus-Phänomen;nein;;3;1;ja;Mm. lumbricales I–IV;lumbricales-i-iv
Mm. multifidi;;Wirbelsäule & Rumpf;Rückenmuskulatur;Wirbelsäule;Wirbelsäule;Os sacrum (S4) bis C2, Procc. transversi;Procc. spinosi 2–4 Wirbel höher;"Strecken und sichern die Wirbelsäule segmentnah; einseitig Rotation zur Gegenseite";Extension · Rotation kontralateral;Rr. dorsales der Spinalnerven;;Lumbal besonders kräftig, Atrophie bei chronischem LWS-Schmerz;nein;Autochthone Rückenmuskulatur — medialer Trakt;2;0;ja;Mm. multifidi;multifidi
Mm. rotatores;;Wirbelsäule & Rumpf;Rückenmuskulatur;Wirbelsäule;Wirbelsäule;Procc. transversi (zervikal, thorakal, lumbal);Procc. spinosi 1–2 Wirbel höher;Die Mm. rotatores drehen jeden Wirbel zur Gegenseite hin. Da sie nur wenige Segmente überspringen, ermöglichen sie eine präzise, segmentübergreifende Rotationsbewegung der Wirbelsäule.;Rotation kontralateral;Rr. dorsales der Spinalnerven;;Segmentale Rotation und Stabilisation;nein;Autochthone Rückenmuskulatur — medialer Trakt;3;0;ja;Mm. rotatores;rotatores
Mm. spinales;;Wirbelsäule & Rumpf;Rückenmuskulatur;Wirbelsäule;Wirbelsäule;Procc. spinosi L3–Th10;Procc. spinosi Th8–Th2 (M. spinalis thoracis);"Die Mm. spinales sichern die natürlichen Wirbelsäulenkrümmungen. Bei beidseitiger Kontraktion richten sie die Wirbelsäule auf; wirken sie einseitig, kommt es zu einer Seitwärtsneigung in Richtung der aktiven Seite.";Extension · Lateralflexion;Rr. dorsales der Spinalnerven;;Sicherung der physiologischen Krümmungen;nein;Autochthone Rückenmuskulatur — medialer Trakt;2;0;ja;Mm. spinales;spinales
Mm. splenii;;Wirbelsäule & Rumpf;Rückenmuskulatur;Wirbelsäule · Kopf;Wirbelsäule;"M. splenius capitis: Lig. nuchae, Procc. spinosi C7–Th3; M. splenius cervicis: Procc. spinosi Th3–Th6";"Proc. mastoideus, Linea nuchalis superior (capitis); Procc. transversi C1–C3 (cervicis)";Beidseitig kontrahiert streckt der M. splenius Kopf und Halswirbelsäule durch. Bei einseitiger Aktivität entsteht eine Kombination aus Seitwärtsneigung und Rotation zur gleichen Seite, womit er als Antagonist zu den kontralateralen Mm. rotatores wirkt.;Extension · Lateralflexion · Rotation ipsilateral;Rr. dorsales der Spinalnerven;;Nackenschmerzen, Zervikalsyndrom;nein;Autochthone Rückenmuskulatur — lateraler Trakt;2;0;ja;Mm. splenii;splenii
Platysma;;Kopf & Hals;Halsmuskulatur;Hals · Mandibula;Mimik & Kopfmuskulatur;Faszie über M. pectoralis major und M. deltoideus (Haut der Schulter/oberen Brust);Unterkiefer (Basis mandibulae), Mundwinkel, Gesichtshaut;"Das Platysma spannt die Halshaut und zieht Mundwinkel sowie Unterlippe nach kaudolateral; es unterstützt die Mandibelabsenkung bei weit geöffnetem Mund und drückt Anspannung oder Erschrecken mimisch aus.";Spannt Halshaut · zieht Mundwinkel nach kaudolateral · unterstützt Mandibelabsenkung;N. facialis (VII), Ramus colli;;"Bei Fazialisparese (Ramus colli) geschwächt; abgeflachte Halskontur und eingeschränkte Mundwinkelabsenkung auf der betroffenen Seite.";nein;Mimische Muskulatur;2;0;ja;Platysma;platysma
